ID,Date,Time,Action,Price,Quantity,ETH_Balance,BTC_Balance,Total_Balance_ETH,Total_Balance_BTC,Consecutive_Count,Actual_Trade_Percentage
000001,220103,153000,SELL,0.081425,0.050000,0.450000,0.043907,0.989235,0.080548,0,0.100000
000002,220106,073000,BUY,0.079779,0.055036,0.505036,0.039517,1.000361,0.079808,0,0.100000
000003,220106,104500,BUY,0.077679,0.253438,0.758474,0.019830,1.013752,0.078747,1,0.498192
000004,220106,154500,SELL,0.079310,0.075847,0.682627,0.025845,1.008502,0.079984,0,0.100000
000005,220107,043000,BUY,0.077660,0.033280,0.715907,0.023261,1.015426,0.078858,0,0.100000
000006,220107,080000,BUY,0.075584,0.153873,0.869779,0.011630,1.023652,0.077372,1,0.500000
000007,220108,194500,BUY,0.073983,0.157203,1.026982,0.000000,1.026982,0.075979,2,1.000000
000008,220109,194500,SELL,0.075526,0.102698,0.924284,0.007756,1.026982,0.077564,0,0.100000
000009,220110,141500,BUY,0.073913,0.010494,0.934778,0.006981,1.029223,0.076073,0,0.100000
000010,220111,170000,SELL,0.075560,0.093478,0.841300,0.014044,1.027165,0.077613,0,0.100000
000011,220112,161500,SELL,0.077088,0.255870,0.585430,0.033768,1.023481,0.078898,1,0.304137
000012,220118,054500,BUY,0.075540,0.044703,0.630133,0.030392,1.032457,0.077992,0,0.100000
000013,220119,083000,BUY,0.074016,0.205304,0.835437,0.015196,1.040741,0.077032,1,0.500000
000014,220121,040000,BUY,0.072468,0.209690,1.045127,0.000000,1.045127,0.075738,2,1.000000
000015,220123,094500,SELL,0.070307,0.104513,0.940614,0.007348,1.045127,0.073480,0,0.100000
000016,220123,154500,BUY,0.068888,0.010667,0.951281,0.006613,1.047280,0.072145,0,0.100000
000017,220124,110000,BUY,0.067168,0.049229,1.000509,0.003307,1.049738,0.070509,1,0.500000
000018,220124,133000,BUY,0.065528,0.050461,1.050970,0.000000,1.050970,0.068868,2,1.000000
000019,220125,133000,SELL,0.066960,0.105097,0.945873,0.007037,1.050970,0.070373,0,0.100000
000020,220126,143000,SELL,0.068454,0.262169,0.683704,0.024984,1.048676,0.071786,1,0.277172
000021,220126,223000,BUY,0.067043,0.037265,0.720969,0.022485,1.056358,0.070821,0,0.100000
000022,220127,220000,BUY,0.065156,0.172551,0.893520,0.011243,1.066071,0.069461,1,0.500000
000023,220128,171500,SELL,0.066468,0.089352,0.804168,0.017182,1.062665,0.070633,0,0.100000
000024,220129,010000,SELL,0.067839,0.264360,0.539808,0.035116,1.057441,0.071736,1,0.328737
000025,220131,161500,SELL,0.069408,0.261435,0.278373,0.053261,1.045739,0.072583,2,0.484311
000026,220201,040000,SELL,0.071115,0.256830,0.021543,0.071526,1.027320,0.073058,3,0.922611
000027,220202,214500,SELL,0.072620,0.021543,0.000000,0.073090,1.006476,0.073090,4,1.000000
000028,220203,130000,BUY,0.070971,0.102986,0.102986,0.065781,1.029861,0.073090,0,0.100000
000029,220204,060000,SELL,0.072478,0.010299,0.092688,0.066528,1.010589,0.073245,0,0.100000
000030,220204,083000,SELL,0.074018,0.046344,0.046344,0.069958,0.991492,0.073388,1,0.500000
000031,220204,231500,BUY,0.072531,0.096452,0.142796,0.062962,1.010869,0.073319,0,0.100000
000032,220208,064500,BUY,0.070969,0.257494,0.400290,0.044688,1.029975,0.073096,1,0.290239
000033,220209,143000,SELL,0.072399,0.040029,0.360261,0.047586,1.017537,0.073669,0,0.100000
000034,220210,171500,BUY,0.070710,0.067298,0.427559,0.042828,1.033237,0.073060,0,0.100000
000035,220211,211500,BUY,0.069078,0.261887,0.689445,0.024737,1.047547,0.072362,1,0.422406
000036,220215,150000,SELL,0.070504,0.068945,0.620501,0.029598,1.040304,0.073346,0,0.100000
000037,220218,094500,SELL,0.071917,0.258014,0.362487,0.048153,1.032056,0.074222,1,0.415816
000038,220218,154500,BUY,0.070421,0.068379,0.430866,0.043338,1.046280,0.073680,0,0.100000
000039,220219,123000,BUY,0.068408,0.266097,0.696963,0.025135,1.064389,0.072813,1,0.420028
000040,220221,050000,SELL,0.069789,0.069696,0.627267,0.029999,1.057118,0.073775,0,0.100000
000041,220222,064500,BUY,0.068149,0.044020,0.671287,0.026999,1.067463,0.072747,0,0.100000
000042,220222,161500,SELL,0.069566,0.067129,0.604158,0.031669,1.059393,0.073698,0,0.100000
000043,220224,050000,BUY,0.068014,0.046562,0.650720,0.028502,1.069781,0.072760,0,0.100000
000044,220224,194500,SELL,0.069379,0.065072,0.585648,0.033017,1.061536,0.073648,0,0.100000
000045,220224,233000,BUY,0.067941,0.048596,0.634244,0.029715,1.071608,0.072806,0,0.100000
000046,220225,164500,SELL,0.069340,0.063424,0.570820,0.034113,1.062784,0.073693,0,0.100000
000047,220225,234500,SELL,0.070818,0.263129,0.307691,0.052747,1.052517,0.074537,1,0.460967
000048,220227,203000,BUY,0.069194,0.076231,0.383921,0.047472,1.069998,0.074037,0,0.100000
000049,220228,211500,BUY,0.067780,0.271078,0.654999,0.029099,1.084311,0.073495,1,0.387039
000050,220301,130000,BUY,0.066302,0.273470,0.928469,0.010967,1.093881,0.072526,2,0.623107
000051,220301,144500,SELL,0.067970,0.092847,0.835622,0.017278,1.089821,0.074075,0,0.100000
000052,220302,011500,BUY,0.066549,0.025963,0.861585,0.015550,1.095249,0.072888,0,0.100000
000053,220302,044500,SELL,0.068050,0.086158,0.775426,0.021413,1.090095,0.074181,0,0.100000
000054,220303,144500,BUY,0.066610,0.032147,0.807574,0.019272,1.096898,0.073064,0,0.100000
000055,220306,113000,SELL,0.068029,0.080757,0.726816,0.024766,1.090863,0.074210,0,0.100000
000056,220307,001500,BUY,0.066605,0.037183,0.763999,0.022289,1.098646,0.073175,0,0.100000
000057,220309,050000,BUY,0.065058,0.171302,0.935301,0.011145,1.106604,0.071993,1,0.500000
000058,220310,103000,SELL,0.066444,0.093530,0.841771,0.017359,1.103030,0.073290,0,0.100000
000059,220317,094500,SELL,0.067859,0.274396,0.567376,0.035979,1.097583,0.074481,1,0.325974
000060,220317,203000,SELL,0.069222,0.271786,0.295590,0.054793,1.087143,0.075254,2,0.479022
000061,220318,161500,SELL,0.070745,0.267526,0.028064,0.073719,1.070102,0.075704,3,0.905056
000062,220320,140000,BUY,0.069306,0.106367,0.134432,0.066347,1.091738,0.075664,0,0.100000
000063,220321,140000,SELL,0.070799,0.013443,0.120989,0.067299,1.071550,0.075865,0,0.100000
000064,220329,130000,SELL,0.072259,0.060494,0.060494,0.071670,1.052344,0.076041,1,0.500000
000065,220401,153000,SELL,0.073747,0.060494,0.000000,0.076131,1.032332,0.076131,2,1.000000
000066,220406,020000,BUY,0.073618,0.103414,0.103414,0.068518,1.034141,0.076131,0,0.100000
000067,220408,094500,SELL,0.075092,0.010341,0.093073,0.069295,1.015871,0.076284,0,0.100000
000068,220410,184500,SELL,0.076606,0.046536,0.046536,0.072860,0.997633,0.076425,1,0.500000
000069,220411,100000,BUY,0.075000,0.097146,0.143683,0.065574,1.018000,0.076350,0,0.100000
000070,220421,214500,BUY,0.073427,0.259182,0.402865,0.046543,1.036730,0.076124,1,0.290223
000071,220422,181500,SELL,0.075006,0.040287,0.362579,0.049565,1.023386,0.076760,0,0.100000
000072,220425,030000,BUY,0.073385,0.067540,0.430119,0.044608,1.037982,0.076172,0,0.100000
000073,220425,214500,SELL,0.074892,0.043012,0.387107,0.047829,1.025751,0.076821,0,0.100000
000074,220427,161500,BUY,0.073370,0.065189,0.452296,0.043046,1.038999,0.076231,0,0.100000
000075,220505,201500,SELL,0.075132,0.045230,0.407067,0.046445,1.025239,0.077028,0,0.100000
000076,220508,080000,BUY,0.073606,0.063099,0.470165,0.041800,1.038055,0.076407,0,0.100000
000077,220510,033000,SELL,0.075108,0.047017,0.423149,0.045331,1.026699,0.077113,0,0.100000
000078,220511,113000,SELL,0.076695,0.211574,0.211574,0.061558,1.014210,0.077785,1,0.500000
000079,220511,143000,BUY,0.075157,0.081906,0.293481,0.055402,1.030635,0.077459,0,0.100000
000080,220511,170000,BUY,0.073648,0.261435,0.554915,0.036148,1.045739,0.077017,1,0.347533
000081,220511,213000,BUY,0.072011,0.264224,0.819139,0.017121,1.056897,0.076108,2,0.526362
000082,220512,051500,BUY,0.070447,0.243036,1.062175,0.000000,1.062175,0.074827,3,1.000000
000083,220512,083000,SELL,0.068630,0.106217,0.955957,0.007290,1.062175,0.072897,0,0.100000
000084,220512,090000,BUY,0.066476,0.010966,0.966923,0.006561,1.065617,0.070838,0,0.100000
000085,220512,094500,SELL,0.068041,0.096692,0.870231,0.013140,1.063347,0.072351,0,0.100000
000086,220513,200000,SELL,0.069402,0.264890,0.605341,0.031524,1.059560,0.073536,1,0.304390
000087,220514,213000,BUY,0.067941,0.046399,0.651740,0.028371,1.069327,0.072651,0,0.100000
000088,220519,034500,BUY,0.066368,0.213742,0.865482,0.014186,1.079224,0.071626,1,0.500000
000089,220523,091500,SELL,0.067737,0.086548,0.778934,0.020048,1.074905,0.072811,0,0.100000
000090,220525,100000,BUY,0.066331,0.030224,0.809158,0.018043,1.081178,0.071716,0,0.100000
000091,220526,073000,BUY,0.064944,0.138915,0.948073,0.009022,1.086988,0.070593,1,0.500000
000092,220526,101500,BUY,0.063478,0.142123,1.090196,0.000000,1.090196,0.069203,2,1.000000
000093,220526,160000,SELL,0.062932,0.109020,0.981176,0.006861,1.090196,0.068608,0,0.100000
000094,220527,010000,BUY,0.061652,0.011128,0.992305,0.006175,1.092459,0.067352,0,0.100000
000095,220527,034500,BUY,0.060187,0.051296,1.043601,0.003087,1.094897,0.065899,1,0.500000
000096,220527,091500,SELL,0.061459,0.104360,0.939241,0.009501,1.093835,0.067226,0,0.100000
000097,220528,011500,BUY,0.059968,0.015844,0.955085,0.008551,1.097679,0.065826,0,0.100000
000098,220528,054500,SELL,0.061251,0.095508,0.859576,0.014401,1.094692,0.067051,0,0.100000
000099,220530,161500,SELL,0.062494,0.272504,0.587072,0.031431,1.090016,0.068119,1,0.317021
000100,220531,191500,BUY,0.061178,0.051376,0.638448,0.028288,1.100835,0.067347,0,0.100000
000101,220603,044500,BUY,0.059953,0.235917,0.874365,0.014144,1.110282,0.066565,1,0.500000
000102,220607,023000,BUY,0.057968,0.243996,1.118361,0.000000,1.118361,0.064829,2,1.000000
000103,220607,043000,SELL,0.059219,0.111836,1.006525,0.006623,1.118361,0.066228,0,0.100000
000104,220608,004500,BUY,0.057843,0.011450,1.017975,0.005961,1.121021,0.064843,0,0.100000
000105,220608,053000,SELL,0.059295,0.101797,0.916177,0.011997,1.118498,0.066321,0,0.100000
000106,220610,181500,BUY,0.057793,0.020758,0.936935,0.010797,1.123756,0.064945,0,0.100000
000107,220611,103000,BUY,0.055712,0.096900,1.033835,0.005398,1.130735,0.062995,1,0.500000
000108,220611,104500,BUY,0.054500,0.099055,1.132889,0.000000,1.132889,0.061742,2,1.000000
000109,220612,171500,SELL,0.054499,0.113289,1.019600,0.006174,1.132889,0.061741,0,0.100000
000110,220613,024500,BUY,0.052733,0.011708,1.031309,0.005557,1.136683,0.059941,0,0.100000
000111,220613,093000,BUY,0.051472,0.053978,1.085287,0.002778,1.139265,0.058640,1,0.500000
000112,220613,104500,BUY,0.049917,0.055660,1.140946,0.000000,1.140946,0.056953,2,1.000000
000113,220613,111500,SELL,0.050954,0.114095,1.026852,0.005814,1.140946,0.058136,0,0.100000
000114,220613,154500,SELL,0.052311,0.284497,0.742355,0.020696,1.137987,0.059529,1,0.277057
000115,220613,221500,SELL,0.053821,0.281722,0.460633,0.035858,1.126887,0.060650,2,0.379497
000116,220614,040000,BUY,0.052487,0.068319,0.528952,0.032273,1.143820,0.060036,0,0.100000
000117,220614,074500,SELL,0.053944,0.052895,0.476057,0.035126,1.127213,0.060806,0,0.100000
000118,220614,174500,SELL,0.055163,0.238028,0.238028,0.048256,1.112824,0.061387,1,0.500000
000119,220614,211500,BUY,0.054005,0.089355,0.327384,0.043431,1.131581,0.061111,0,0.100000
000120,220615,080000,BUY,0.052771,0.287597,0.614980,0.028254,1.150387,0.060707,1,0.349448
000121,220615,101500,BUY,0.051672,0.290444,0.905424,0.013246,1.161774,0.060031,2,0.531176
000122,220615,110000,BUY,0.050564,0.261968,1.167392,0.000000,1.167392,0.059028,3,1.000000
000123,220615,123000,SELL,0.051909,0.116739,1.050652,0.006060,1.167392,0.060598,0,0.100000
000124,220615,203000,SELL,0.053911,0.290764,0.759888,0.021735,1.163056,0.062702,1,0.276746
000125,220615,233000,SELL,0.055112,0.288568,0.471321,0.037639,1.154271,0.063614,2,0.379750
000126,220616,063000,BUY,0.053986,0.069719,0.541040,0.033875,1.168515,0.063083,0,0.100000
000127,220616,121500,BUY,0.052662,0.296073,0.837113,0.018283,1.184291,0.062367,1,0.460276
000128,220618,201500,BUY,0.051593,0.297871,1.134984,0.002915,1.191484,0.061472,2,0.840562
000129,220618,230000,BUY,0.050421,0.057814,1.192798,0.000000,1.192798,0.060142,3,1.000000
000130,220619,004500,SELL,0.051660,0.119280,1.073518,0.006162,1.192798,0.061620,0,0.100000
000131,220619,121500,SELL,0.053596,0.297122,0.776396,0.022087,1.188489,0.063698,1,0.276774
000132,220619,204500,SELL,0.054876,0.294719,0.481676,0.038260,1.178877,0.064692,2,0.379599
000133,220620,041500,BUY,0.053595,0.071386,0.553063,0.034434,1.195541,0.064075,0,0.100000
000134,220620,103000,SELL,0.054709,0.055306,0.497757,0.037459,1.182459,0.064691,0,0.100000
000135,220622,054500,BUY,0.053613,0.069870,0.567626,0.033713,1.196456,0.064146,0,0.100000
000136,220623,014500,BUY,0.052540,0.302325,0.869951,0.017829,1.209298,0.063537,1,0.471151
000137,220623,083000,SELL,0.053686,0.086995,0.782956,0.022500,1.202054,0.064533,0,0.100000
000138,220624,031500,SELL,0.054784,0.298414,0.484542,0.038848,1.193654,0.065393,1,0.381137
000139,220624,133000,SELL,0.056320,0.293579,0.190963,0.055382,1.174315,0.066137,2,0.605889
000140,220624,193000,SELL,0.057480,0.190963,0.000000,0.066359,1.154470,0.066359,3,1.000000
000141,220626,153000,BUY,0.057451,0.115505,0.115505,0.059723,1.155053,0.066359,0,0.100000
000142,220629,024500,BUY,0.056252,0.294303,0.409808,0.043168,1.177211,0.066220,1,0.277198
000143,220629,153000,BUY,0.054869,0.299138,0.708946,0.026755,1.196553,0.065654,2,0.380223
000144,220630,111500,BUY,0.053715,0.301757,1.010704,0.010546,1.207029,0.064836,3,0.605838
000145,220701,104500,SELL,0.054804,0.101070,0.909633,0.016085,1.203128,0.065936,0,0.100000
000146,220704,030000,SELL,0.055911,0.299329,0.610304,0.032820,1.197317,0.066943,1,0.329066
000147,220705,001500,SELL,0.057136,0.296183,0.314121,0.049743,1.184731,0.067691,2,0.485304
000148,220705,170000,BUY,0.055849,0.089067,0.403188,0.044769,1.204794,0.067287,0,0.100000
000149,220706,204500,SELL,0.057035,0.040319,0.362870,0.047068,1.188125,0.067765,0,0.100000
000150,220707,150000,SELL,0.058218,0.181435,0.181435,0.057631,1.171356,0.068194,1,0.500000
000151,220708,001500,BUY,0.056800,0.101463,0.282898,0.051868,1.196069,0.067937,0,0.100000
000152,220710,120000,BUY,0.055654,0.303718,0.586616,0.034965,1.214872,0.067613,1,0.325887
000153,220712,050000,BUY,0.054434,0.307238,0.893855,0.018241,1.228953,0.066897,2,0.478313
000154,220714,173000,SELL,0.055722,0.089385,0.804469,0.023221,1.221208,0.068048,0,0.100000
000155,220714,191500,SELL,0.057091,0.302804,0.501666,0.040509,1.211214,0.069149,1,0.376402
000156,220715,034500,SELL,0.058622,0.298171,0.203495,0.057988,1.192684,0.069917,2,0.594362
000157,220715,213000,SELL,0.059902,0.203495,0.000000,0.070178,1.171546,0.070178,3,1.000000
000158,220716,024500,BUY,0.058645,0.119666,0.119666,0.063160,1.196657,0.070178,0,0.100000
000159,220716,170000,SELL,0.060231,0.011967,0.107699,0.063881,1.168298,0.070368,0,0.100000
000160,220716,180000,SELL,0.064807,0.053850,0.053850,0.067371,1.093409,0.070861,1,0.500000
000161,220716,183000,BUY,0.063453,0.106174,0.160024,0.060634,1.115592,0.070788,0,0.100000
000162,220717,020000,SELL,0.064783,0.016002,0.144021,0.061670,1.095974,0.071001,0,0.100000
000163,220717,031500,BUY,0.063247,0.097507,0.241529,0.055503,1.119093,0.070779,0,0.100000
000164,220717,231500,SELL,0.064767,0.024153,0.217376,0.057068,1.098498,0.071146,0,0.100000
000165,220718,044500,SELL,0.066216,0.108688,0.108688,0.064265,1.079216,0.071461,1,0.500000
000166,220718,181500,SELL,0.067564,0.108688,0.000000,0.071608,1.059853,0.071608,2,1.000000
000167,220719,040000,BUY,0.068892,0.103942,0.103942,0.064447,1.039423,0.071608,0,0.100000
000168,220719,123000,SELL,0.070364,0.010394,0.093548,0.065178,1.019853,0.071761,0,0.100000
000169,220719,164500,BUY,0.068406,0.095282,0.188830,0.058661,1.046366,0.071578,0,0.100000
000170,220719,171500,BUY,0.066836,0.266628,0.455457,0.040840,1.066510,0.071281,1,0.303787
000171,220720,094500,BUY,0.065489,0.269770,0.725227,0.023173,1.079079,0.070668,2,0.432586
000172,220720,121500,SELL,0.067253,0.072523,0.652704,0.028051,1.069797,0.071947,0,0.100000
000173,220720,181500,BUY,0.065770,0.042650,0.695354,0.025246,1.079202,0.070979,0,0.100000
000174,220721,180000,SELL,0.067321,0.069535,0.625819,0.029927,1.070359,0.072058,0,0.100000
000175,220721,231500,SELL,0.068699,0.265360,0.360458,0.048157,1.061442,0.072920,1,0.424021
000176,220724,071500,SELL,0.070424,0.261068,0.099390,0.066542,1.044272,0.073542,2,0.724267
000177,220725,003000,SELL,0.072213,0.099390,0.000000,0.073720,1.020863,0.073720,3,1.000000
000178,220725,014500,BUY,0.070766,0.104174,0.104174,0.066348,1.041737,0.073720,0,0.100000
000179,220725,043000,BUY,0.069240,0.265600,0.369774,0.047957,1.062401,0.073561,1,0.277179
000180,220725,213000,BUY,0.067815,0.269239,0.639013,0.029699,1.076955,0.073034,2,0.380721
000181,220726,141500,BUY,0.066369,0.271624,0.910637,0.011672,1.086496,0.072110,3,0.607003
000182,220727,013000,SELL,0.067755,0.091064,0.819573,0.017842,1.082899,0.073372,0,0.100000
000183,220727,143000,SELL,0.069141,0.269405,0.550168,0.036469,1.077620,0.074508,1,0.328714
000184,220727,231500,SELL,0.070716,0.266468,0.283700,0.055312,1.065873,0.075374,2,0.484340
000185,220728,173000,SELL,0.072304,0.262174,0.021526,0.074268,1.048694,0.075825,3,0.924123
000186,220729,140000,BUY,0.070750,0.104973,0.126499,0.066842,1.071255,0.075791,0,0.100000
000187,220729,223000,SELL,0.072174,0.012650,0.113849,0.067755,1.052615,0.075971,0,0.100000
000188,220730,120000,BUY,0.070682,0.095858,0.209707,0.060979,1.072431,0.075802,0,0.100000
000189,220731,130000,SELL,0.072152,0.020971,0.188737,0.062492,1.054855,0.076110,0,0.100000
000190,220801,211500,BUY,0.070689,0.088404,0.277141,0.056243,1.072780,0.075834,0,0.100000
000191,220802,050000,BUY,0.068997,0.273073,0.550214,0.037402,1.092291,0.075365,1,0.334997
000192,220802,164500,SELL,0.070509,0.055021,0.495192,0.041281,1.080667,0.076197,0,0.100000
000193,220805,034500,SELL,0.071944,0.247596,0.247596,0.059094,1.068989,0.076907,1,0.500000
000194,220805,140000,SELL,0.073485,0.247596,0.000000,0.077289,1.051764,0.077289,2,1.000000
000195,220814,194500,BUY,0.079351,0.097401,0.097401,0.069560,0.974013,0.077289,0,0.100000
000196,220820,003000,BUY,0.077547,0.248601,0.346003,0.050282,0.994406,0.077113,1,0.277146
000197,220820,200000,BUY,0.075931,0.252051,0.598054,0.031143,1.008205,0.076554,2,0.380626
000198,220820,224500,BUY,0.073624,0.255264,0.853318,0.012350,1.021057,0.075174,3,0.603457
000199,220821,110000,SELL,0.075231,0.085332,0.767987,0.018769,1.017474,0.076546,0,0.100000
000200,220822,100000,BUY,0.073460,0.025550,0.793537,0.016892,1.023489,0.075186,0,0.100000
000201,220823,004500,SELL,0.074984,0.079354,0.714183,0.022843,1.018815,0.076395,0,0.100000
000202,220823,030000,SELL,0.076500,0.253195,0.460988,0.042212,1.012779,0.077478,1,0.354523
000203,220823,074500,BUY,0.074946,0.056323,0.517312,0.037991,1.024220,0.076761,0,0.100000
000204,220823,201500,SELL,0.077054,0.051731,0.465580,0.041977,1.010352,0.077852,0,0.100000
000205,220825,100000,SELL,0.078640,0.232790,0.232790,0.060283,0.999365,0.078590,1,0.500000
000206,220826,130000,BUY,0.076875,0.078418,0.311208,0.054255,1.016965,0.078179,0,0.100000
000207,220826,200000,BUY,0.075229,0.258102,0.569310,0.034838,1.032407,0.077667,1,0.357879
000208,220827,173000,BUY,0.073541,0.260759,0.830069,0.015662,1.043037,0.076706,2,0.550442
000209,220829,170000,SELL,0.075141,0.083007,0.747062,0.021899,1.038502,0.078034,0,0.100000
000210,220829,220000,SELL,0.076710,0.258135,0.488927,0.041701,1.032541,0.079206,1,0.345534
000211,220831,033000,SELL,0.078388,0.255226,0.233701,0.061707,1.020904,0.080027,2,0.522013
000212,220902,143000,SELL,0.079981,0.233701,0.000000,0.080399,1.005225,0.080399,3,1.000000
000213,220902,213000,BUY,0.078279,0.102708,0.102708,0.072359,1.027082,0.080399,0,0.100000
000214,220905,160000,SELL,0.079873,0.010271,0.092437,0.073179,1.008634,0.080563,0,0.100000
000215,220906,013000,SELL,0.081831,0.046219,0.046219,0.076962,0.986712,0.080744,1,0.500000
000216,220906,071500,SELL,0.083536,0.046219,0.000000,0.080822,0.967516,0.080822,2,1.000000
000217,220907,021500,BUY,0.081710,0.098914,0.098914,0.072740,0.989138,0.080822,0,0.100000
000218,220907,221500,SELL,0.085239,0.009891,0.089022,0.073583,0.952281,0.081172,0,0.100000
000219,220909,060000,BUY,0.083526,0.088096,0.177119,0.066225,0.969985,0.081019,0,0.100000
000220,220909,111500,BUY,0.081772,0.246748,0.423867,0.046048,0.986992,0.080708,1,0.304675
000221,220912,031500,BUY,0.080076,0.249730,0.673597,0.026051,0.998919,0.079989,2,0.434273
000222,220912,134500,BUY,0.078372,0.251498,0.925095,0.006340,1.005993,0.078842,3,0.756622
000223,220912,230000,BUY,0.076539,0.082835,1.007930,0.000000,1.007930,0.077146,4,1.000000
000224,220913,203000,SELL,0.078133,0.100793,0.907137,0.007875,1.007930,0.078753,0,0.100000
000225,220913,221500,SELL,0.079702,0.251486,0.655651,0.027919,1.005946,0.080176,1,0.277231
000226,220914,011500,BUY,0.077790,0.035891,0.691541,0.025127,1.014556,0.078922,0,0.100000
000227,220914,064500,SELL,0.079518,0.069154,0.622387,0.030626,1.007536,0.080117,0,0.100000
000228,220915,020000,SELL,0.081277,0.249800,0.372587,0.050929,0.999201,0.081212,1,0.401358
000229,220915,080000,BUY,0.079491,0.064069,0.436656,0.045836,1.013280,0.080547,0,0.100000
000230,220915,163000,BUY,0.076576,0.258807,0.695463,0.026018,1.035230,0.079274,1,0.432374
000231,220916,000000,BUY,0.074843,0.260774,0.956238,0.006501,1.043097,0.078069,2,0.750141
000232,220916,154500,BUY,0.073269,0.088725,1.044963,0.000000,1.044963,0.076563,3,1.000000
000233,220917,194500,SELL,0.073238,0.104496,0.940467,0.007653,1.044963,0.076531,0,0.100000
000234,220918,160000,BUY,0.071765,0.010664,0.951131,0.006888,1.047108,0.075146,0,0.100000
000235,220918,194500,BUY,0.070177,0.049074,1.000205,0.003444,1.049280,0.073635,1,0.500000
000236,220918,230000,BUY,0.068457,0.050307,1.050513,0.000000,1.050513,0.071915,2,1.000000
000237,220919,074500,SELL,0.070223,0.105051,0.945462,0.007377,1.050513,0.073770,0,0.100000
000238,220920,181500,SELL,0.071646,0.262107,0.683355,0.026156,1.048426,0.075116,1,0.277226
000239,220920,234500,BUY,0.069853,0.037444,0.720799,0.023540,1.057797,0.073890,0,0.100000
000240,220921,230000,BUY,0.068301,0.172328,0.893127,0.011770,1.065455,0.072772,1,0.500000
000241,220922,173000,BUY,0.066888,0.175968,1.069095,0.000000,1.069095,0.071510,2,1.000000
000242,220922,210000,SELL,0.068310,0.106910,0.962186,0.007303,1.069095,0.073030,0,0.100000
000243,220923,233000,SELL,0.069815,0.266698,0.695488,0.025922,1.066790,0.074478,1,0.277179
000244,220925,190000,BUY,0.068157,0.038033,0.733521,0.023330,1.075823,0.073325,0,0.100000
000245,220927,020000,SELL,0.069592,0.073352,0.660169,0.028435,1.068764,0.074377,0,0.100000
000246,220928,090000,BUY,0.068055,0.041782,0.701952,0.025591,1.077992,0.073363,0,0.100000
000247,221005,134500,BUY,0.066665,0.191941,0.893892,0.012796,1.085833,0.072387,1,0.500000
000248,221006,163000,SELL,0.068073,0.089389,0.804503,0.018881,1.081863,0.073646,0,0.100000
000249,221013,121500,BUY,0.066164,0.028536,0.833039,0.016993,1.089866,0.072110,0,0.100000
000250,221014,113000,SELL,0.067500,0.083304,0.749735,0.022616,1.084782,0.073223,0,0.100000
000251,221024,000000,SELL,0.068927,0.269461,0.480274,0.041189,1.077846,0.074293,1,0.359409
000252,221025,151500,SELL,0.070410,0.266315,0.213959,0.059940,1.065260,0.075005,2,0.554506
000253,221025,184500,SELL,0.072102,0.213959,0.000000,0.075367,1.045282,0.075367,3,1.000000
000254,221030,180000,BUY,0.076687,0.098279,0.098279,0.067830,0.982786,0.075367,0,0.100000
000255,221031,104500,SELL,0.078254,0.009828,0.088451,0.068599,0.965075,0.075521,0,0.100000
000256,221031,144500,BUY,0.076687,0.089454,0.177904,0.061739,0.982987,0.075382,0,0.100000
000257,221102,210000,BUY,0.075060,0.250110,0.428014,0.042966,1.000438,0.075093,1,0.304072
000258,221104,071500,SELL,0.076562,0.042801,0.385213,0.046243,0.989208,0.075736,0,0.100000
000259,221104,150000,SELL,0.078216,0.192606,0.192606,0.061308,0.976436,0.076373,1,0.500000
000260,221105,153000,BUY,0.076565,0.080073,0.272679,0.055177,0.993338,0.076055,0,0.100000
000261,221107,004500,BUY,0.075020,0.252045,0.524724,0.036269,1.008180,0.075634,1,0.342685
000262,221107,164500,SELL,0.076660,0.052472,0.472252,0.040291,0.997837,0.076494,0,0.100000
000263,221108,041500,BUY,0.074951,0.053757,0.526009,0.036262,1.009821,0.075687,0,0.100000
000264,221108,170000,SELL,0.076590,0.052601,0.473408,0.040291,0.999468,0.076549,0,0.100000
000265,221108,184500,BUY,0.074849,0.053830,0.527238,0.036262,1.011704,0.075725,0,0.100000
000266,221108,193000,BUY,0.073237,0.247565,0.774802,0.018131,1.022367,0.074875,1,0.500000
000267,221108,210000,BUY,0.071580,0.253296,1.028098,0.000000,1.028098,0.073591,2,1.000000
000268,221109,140000,SELL,0.069666,0.102810,0.925288,0.007162,1.028098,0.071623,0,0.100000
000269,221109,163000,BUY,0.068025,0.010529,0.935817,0.006446,1.030578,0.070105,0,0.100000
000270,221109,193000,SELL,0.069784,0.093582,0.842236,0.012977,1.028190,0.071751,0,0.100000
000271,221109,204500,SELL,0.071222,0.256109,0.586127,0.031217,1.024435,0.072962,1,0.304082
000272,221110,001500,BUY,0.069288,0.045054,0.631181,0.028095,1.036670,0.071829,0,0.100000
000273,221110,034500,SELL,0.070918,0.063118,0.568063,0.032572,1.027350,0.072858,0,0.100000
000274,221110,123000,SELL,0.072408,0.254475,0.313588,0.050998,1.017899,0.073704,1,0.447969
000275,221110,143000,SELL,0.074106,0.250440,0.063148,0.069557,1.001761,0.074236,2,0.798627
000276,221111,040000,BUY,0.072449,0.096008,0.159156,0.062601,1.023228,0.074132,0,0.100000
000277,221111,120000,SELL,0.073988,0.015916,0.143241,0.063779,1.005255,0.074377,0,0.100000
000278,221111,203000,SELL,0.075478,0.071620,0.071620,0.069184,0.988238,0.074590,1,0.500000
000279,221113,094500,BUY,0.073928,0.093584,0.165204,0.062266,1.007456,0.074479,0,0.100000
000280,221115,030000,SELL,0.075415,0.016520,0.148683,0.063512,0.990849,0.074725,0,0.100000
000281,221115,223000,BUY,0.073881,0.085965,0.234649,0.057161,1.008335,0.074497,0,0.100000
000282,221117,080000,BUY,0.072322,0.256253,0.490902,0.038628,1.025012,0.074131,1,0.324222
000283,221120,123000,BUY,0.070518,0.259669,0.750571,0.020317,1.038676,0.073245,2,0.474044
000284,221121,184500,BUY,0.069047,0.261204,1.011774,0.002281,1.044814,0.072141,3,0.887713
000285,221121,233000,SELL,0.070556,0.101177,0.910597,0.009420,1.044107,0.073668,0,0.100000
000286,221122,091500,BUY,0.068976,0.013657,0.924254,0.008478,1.047166,0.072229,0,0.100000
000287,221123,011500,SELL,0.070388,0.092425,0.831828,0.014984,1.044700,0.073534,0,0.100000
000288,221124,024500,SELL,0.071803,0.260126,0.571702,0.033661,1.040505,0.074711,1,0.312716
000289,221126,021500,SELL,0.073274,0.257773,0.313929,0.052550,1.031094,0.075552,2,0.450888
000290,221128,161500,BUY,0.071648,0.073344,0.387273,0.047295,1.047369,0.075042,0,0.100000
000291,221129,060000,SELL,0.073282,0.038727,0.348545,0.050133,1.032651,0.075675,0,0.100000
000292,221130,013000,SELL,0.075618,0.174273,0.174273,0.063311,1.011517,0.076489,1,0.500000
000293,221203,233000,BUY,0.073477,0.086164,0.260437,0.056980,1.035913,0.076116,0,0.100000
000294,221205,011500,SELL,0.074950,0.026044,0.234393,0.058932,1.020673,0.076499,0,0.100000
000295,221207,080000,BUY,0.073272,0.080429,0.314822,0.053038,1.038679,0.076106,0,0.100000
000296,221213,144500,SELL,0.074765,0.031482,0.283340,0.055392,1.024224,0.076576,0,0.100000
000297,221214,194500,BUY,0.073180,0.075693,0.359033,0.049853,1.040271,0.076127,0,0.100000
000298,221216,100000,BUY,0.071114,0.265016,0.624048,0.031007,1.060062,0.075385,1,0.378038
000299,221222,211500,SELL,0.072579,0.062405,0.561643,0.035536,1.051262,0.076300,0,0.100000
000300,230104,040000,SELL,0.074232,0.260090,0.301554,0.054843,1.040359,0.077228,1,0.463087
000301,230109,033000,SELL,0.075924,0.255974,0.045580,0.074278,1.023894,0.077738,2,0.848849
000302,230109,170000,SELL,0.077491,0.045580,0.000000,0.077810,1.004111,0.077810,3,1.000000
000303,230112,184500,BUY,0.075847,0.102588,0.102588,0.070029,1.025875,0.077810,0,0.100000
000304,230113,154500,BUY,0.074189,0.261627,0.364215,0.050619,1.046509,0.077639,1,0.277171
000305,230114,010000,BUY,0.072119,0.266523,0.630738,0.031397,1.066093,0.076886,2,0.379729
000306,230114,013000,SELL,0.073909,0.063074,0.567664,0.036059,1.055549,0.078015,0,0.100000
000307,230121,100000,BUY,0.072382,0.049818,0.617482,0.032453,1.065842,0.077148,0,0.100000
000308,230123,154500,BUY,0.070710,0.229481,0.846963,0.016227,1.076443,0.076115,1,0.500000
000309,230124,231500,BUY,0.068152,0.238094,1.085057,0.000000,1.085057,0.073949,2,1.000000
000310,230126,003000,SELL,0.069645,0.108506,0.976551,0.007557,1.085057,0.075569,0,0.100000
000311,230128,213000,BUY,0.068239,0.011074,0.987625,0.006801,1.087292,0.074196,0,0.100000
000312,230202,013000,SELL,0.070089,0.098763,0.888863,0.013723,1.084662,0.076023,0,0.100000
000313,230204,140000,SELL,0.071645,0.270102,0.618760,0.033075,1.080409,0.077406,1,0.303874
000314,230210,223000,BUY,0.069751,0.047418,0.666179,0.029767,1.092945,0.076234,0,0.100000
000315,230216,081500,BUY,0.068341,0.217785,0.883964,0.014884,1.101750,0.075295,1,0.500000
000316,230217,010000,SELL,0.069827,0.088396,0.795568,0.021056,1.097115,0.076608,0,0.100000
000317,230218,213000,BUY,0.068386,0.030790,0.826358,0.018951,1.103469,0.075462,0,0.100000
000318,230227,024500,SELL,0.069776,0.082636,0.743722,0.024717,1.097949,0.076610,0,0.100000
000319,230309,184500,SELL,0.071236,0.272672,0.471050,0.044141,1.090689,0.077696,1,0.366632
000320,230312,181500,SELL,0.073058,0.268809,0.202241,0.063779,1.075236,0.078555,2,0.570659
000321,230313,033000,BUY,0.071564,0.089122,0.291363,0.057401,1.093461,0.078252,0,0.100000
000322,230313,151500,BUY,0.070079,0.277614,0.568977,0.037946,1.110457,0.077820,1,0.338928
000323,230314,024500,BUY,0.068646,0.280440,0.849418,0.018695,1.121761,0.077004,2,0.507324
000324,230314,134500,BUY,0.067194,0.278228,1.127646,0.000000,1.127646,0.075771,3,1.000000
000325,230314,190000,SELL,0.068606,0.112765,1.014881,0.007736,1.127646,0.077363,0,0.100000
000326,230315,150000,BUY,0.067198,0.011513,1.026394,0.006963,1.130009,0.075934,0,0.100000
000327,230317,084500,BUY,0.065845,0.052872,1.079266,0.003481,1.132138,0.074546,1,0.500000
000328,230317,231500,BUY,0.064472,0.053998,1.133264,0.000000,1.133264,0.073064,2,1.000000
000329,230318,014500,SELL,0.065858,0.113326,1.019937,0.007463,1.133264,0.074634,0,0.100000
000330,230319,194500,BUY,0.064388,0.011591,1.031529,0.006717,1.135851,0.073135,0,0.100000
000331,230320,100000,BUY,0.063071,0.053250,1.084779,0.003359,1.138029,0.071777,1,0.500000
000332,230321,140000,SELL,0.064421,0.108478,0.976301,0.010347,1.136913,0.073241,0,0.100000
000333,230322,154500,BUY,0.063087,0.016401,0.992702,0.009312,1.140310,0.071939,0,0.100000
000334,230322,204500,SELL,0.064366,0.099270,0.893432,0.015702,1.137377,0.073208,0,0.100000
000335,230324,154500,BUY,0.062997,0.024925,0.918356,0.014132,1.142678,0.071985,0,0.100000
000336,230328,131500,SELL,0.064343,0.091836,0.826521,0.020041,1.137985,0.073221,0,0.100000
000337,230330,024500,BUY,0.063023,0.031799,0.858320,0.018037,1.144509,0.072130,0,0.100000
000338,230331,093000,SELL,0.064621,0.085832,0.772488,0.023583,1.137432,0.073502,0,0.100000
000339,230404,134500,SELL,0.065930,0.282546,0.489941,0.042211,1.130186,0.074513,1,0.365762
000340,230405,144500,SELL,0.067266,0.279367,0.210574,0.061003,1.117470,0.075168,2,0.570206
000341,230409,080000,BUY,0.065715,0.092830,0.303404,0.054903,1.138874,0.074841,0,0.100000
000342,230411,001500,BUY,0.064325,0.289232,0.592636,0.036298,1.156928,0.074419,1,0.338868
000343,230411,210000,BUY,0.063007,0.292183,0.884819,0.017889,1.168732,0.073638,2,0.507177
000344,230413,011500,SELL,0.064378,0.088482,0.796337,0.023585,1.162686,0.074851,0,0.100000
000345,230413,123000,SELL,0.065790,0.288706,0.507631,0.042579,1.154823,0.075976,1,0.362542
000346,230414,023000,SELL,0.068573,0.282139,0.225492,0.061926,1.128557,0.077389,2,0.555796
000347,230416,223000,SELL,0.070016,0.225492,0.000000,0.077714,1.109945,0.077714,3,1.000000
000348,230419,101500,BUY,0.068102,0.114114,0.114114,0.069943,1.141140,0.077714,0,0.100000
000349,230425,070000,BUY,0.066674,0.290784,0.404898,0.050555,1.163137,0.077551,1,0.277195
000350,230426,103000,BUY,0.065306,0.294755,0.699653,0.031306,1.179020,0.076997,2,0.380761
000351,230501,014500,BUY,0.063979,0.297241,0.996894,0.012288,1.188963,0.076069,3,0.607470
000352,230501,224500,SELL,0.065310,0.099689,0.897204,0.018799,1.185048,0.077396,0,0.100000
000353,230505,171500,SELL,0.066620,0.294847,0.602357,0.038442,1.179388,0.078571,1,0.328629
000354,230523,033000,SELL,0.068020,0.291878,0.310479,0.058295,1.167512,0.079414,2,0.484559
000355,230601,190000,SELL,0.069410,0.287587,0.022892,0.078257,1.150349,0.079846,3,0.926268
000356,230606,140000,SELL,0.070820,0.022892,0.000000,0.079878,1.127901,0.079878,4,1.000000
000357,230607,003000,BUY,0.069390,0.115115,0.115115,0.071890,1.151145,0.079878,0,0.100000
000358,230610,090000,BUY,0.067870,0.293587,0.408702,0.051964,1.174348,0.079703,1,0.277169
000359,230614,220000,BUY,0.065930,0.299219,0.707921,0.032237,1.196877,0.078910,2,0.379635
000360,230616,194500,BUY,0.064510,0.301910,1.009831,0.012761,1.207640,0.077905,3,0.604159
000361,230617,074500,SELL,0.065920,0.100983,0.908848,0.019417,1.203409,0.079329,0,0.100000
000362,230619,210000,BUY,0.064590,0.030063,0.938911,0.017476,1.209475,0.078120,0,0.100000
000363,230620,231500,BUY,0.063240,0.138170,1.077081,0.008738,1.215251,0.076852,1,0.500000
000364,230621,171500,BUY,0.061960,0.141024,1.218105,0.000000,1.218105,0.075474,2,1.000000
000365,230622,021500,SELL,0.063210,0.121810,1.096294,0.007700,1.218105,0.076996,0,0.100000
000366,230623,171500,BUY,0.061610,0.012497,1.108792,0.006930,1.221268,0.075242,0,0.100000
000367,230630,190000,SELL,0.062930,0.110879,0.997913,0.013907,1.218909,0.076706,0,0.100000
000368,230703,100000,SELL,0.064190,0.303643,0.694270,0.033398,1.214571,0.077963,1,0.304278
000369,230703,220000,BUY,0.062820,0.053165,0.747435,0.030058,1.225918,0.077012,0,0.100000
000370,230707,020000,BUY,0.061490,0.244416,0.991851,0.015029,1.236267,0.076018,1,0.500000
000371,230713,180000,SELL,0.063010,0.099185,0.892666,0.021279,1.230371,0.077526,0,0.100000
000372,230714,024500,SELL,0.064300,0.305899,0.586767,0.040948,1.223596,0.078677,1,0.342680
000373,230723,011500,BUY,0.062530,0.065486,0.652252,0.036853,1.241622,0.077639,0,0.100000
000374,230726,220000,SELL,0.063830,0.065225,0.587027,0.041017,1.229619,0.078487,0,0.100000
000375,230807,231500,BUY,0.062530,0.065595,0.652622,0.036915,1.242979,0.077723,0,0.100000
000376,230818,083000,SELL,0.063790,0.065262,0.587360,0.041078,1.231318,0.078546,0,0.100000
000377,230822,234500,BUY,0.062500,0.065725,0.653085,0.036970,1.244609,0.077788,0,0.100000
000378,230912,090000,BUY,0.061230,0.301897,0.954981,0.018485,1.256878,0.076959,1,0.500000
000379,230920,164500,BUY,0.059990,0.308137,1.263118,0.000000,1.263118,0.075774,2,1.000000
000380,230928,094500,SELL,0.061190,0.126312,1.136806,0.007729,1.263118,0.077290,0,0.100000
000381,231002,203000,BUY,0.059650,0.012957,1.149764,0.006956,1.266379,0.075540,0,0.100000
000382,231007,230000,BUY,0.058440,0.059515,1.209279,0.003478,1.268794,0.074148,1,0.500000
000383,231009,183000,BUY,0.056980,0.061040,1.270319,0.000000,1.270319,0.072383,2,1.000000
000384,231011,173000,SELL,0.058130,0.127032,1.143287,0.007384,1.270319,0.073844,0,0.100000
000385,231016,073000,BUY,0.056870,0.012985,1.156271,0.006646,1.273133,0.072403,0,0.100000
000386,231016,151500,BUY,0.055390,0.059992,1.216264,0.003323,1.276256,0.070692,1,0.500000
000387,231020,054500,BUY,0.054280,0.061219,1.277483,0.000000,1.277483,0.069342,2,1.000000
000388,231023,004500,SELL,0.055490,0.127748,1.149734,0.007089,1.277483,0.070888,0,0.100000
000389,231023,174500,BUY,0.054290,0.013057,1.162791,0.006380,1.280306,0.069508,0,0.100000
000390,231024,003000,BUY,0.051560,0.061868,1.224660,0.003190,1.286528,0.066333,1,0.500000
000391,231024,004500,SELL,0.053590,0.122466,1.102194,0.009753,1.284185,0.068819,0,0.100000
000392,231024,034500,BUY,0.052190,0.018687,1.120881,0.008778,1.289067,0.067276,0,0.100000
000393,231024,074500,SELL,0.053500,0.112088,1.008793,0.014774,1.284949,0.068745,0,0.100000
000394,231024,234500,BUY,0.052360,0.028217,1.037010,0.013297,1.290961,0.067595,0,0.100000
000395,231026,100000,SELL,0.053420,0.103701,0.933309,0.018837,1.285922,0.068694,0,0.100000
000396,231026,163000,BUY,0.052250,0.036051,0.969360,0.016953,1.293818,0.067602,0,0.100000
000397,231101,210000,SELL,0.053320,0.096936,0.872424,0.022122,1.287307,0.068639,0,0.100000
000398,231101,224500,BUY,0.052110,0.042452,0.914875,0.019909,1.296940,0.067584,0,0.100000
000399,231105,044500,SELL,0.053530,0.091488,0.823388,0.024807,1.286805,0.068883,0,0.100000
000400,231109,053000,BUY,0.052380,0.047359,0.870747,0.022326,1.296980,0.067936,0,0.100000
000401,231109,160000,SELL,0.053780,0.087075,0.783672,0.027009,1.285884,0.069155,0,0.100000
000402,231109,164500,SELL,0.054880,0.318954,0.464718,0.044513,1.275818,0.070017,1,0.407000
000403,231109,221500,SELL,0.056510,0.313105,0.151612,0.062207,1.252422,0.070774,2,0.673754
000404,231110,003000,SELL,0.057940,0.151612,0.000000,0.070991,1.225253,0.070991,3,1.000000
000405,231110,124500,BUY,0.056570,0.125493,0.125493,0.063892,1.254926,0.070991,0,0.100000
000406,231111,021500,BUY,0.055340,0.320007,0.445500,0.046183,1.280029,0.070837,1,0.277174
000407,231113,154500,SELL,0.056450,0.044550,0.400950,0.048698,1.263619,0.071331,0,0.100000
000408,231115,180000,BUY,0.055220,0.088189,0.489138,0.043828,1.282835,0.070838,0,0.100000
000409,231117,001500,BUY,0.054110,0.324779,0.813918,0.026254,1.299117,0.070295,1,0.400973
000410,231122,114500,SELL,0.055240,0.081392,0.732526,0.030750,1.289191,0.071215,0,0.100000
000411,231127,203000,BUY,0.054030,0.056913,0.789439,0.027675,1.301658,0.070329,0,0.100000
000412,231202,193000,SELL,0.055140,0.078944,0.710495,0.032028,1.291347,0.071205,0,0.100000
000413,231204,111500,BUY,0.053980,0.059333,0.769829,0.028825,1.303829,0.070381,0,0.100000
000414,231205,103000,BUY,0.052900,0.272451,1.042280,0.014413,1.314731,0.069549,1,0.500000
000415,231205,214500,BUY,0.051750,0.278506,1.320785,0.000000,1.320785,0.068351,2,1.000000
000416,231207,161500,SELL,0.052850,0.132079,1.188707,0.006980,1.320785,0.069804,0,0.100000
000417,231207,191500,SELL,0.054000,0.329493,0.859214,0.024773,1.317973,0.071171,1,0.277186
000418,231211,030000,BUY,0.052890,0.046839,0.906052,0.022296,1.327601,0.070217,0,0.100000
000419,231215,000000,SELL,0.053950,0.090605,0.815447,0.027184,1.319318,0.071177,0,0.100000
000420,231216,001500,BUY,0.052790,0.051494,0.866941,0.024465,1.330390,0.070231,0,0.100000
000421,231219,153000,BUY,0.051730,0.236473,1.103414,0.012233,1.339887,0.069312,1,0.500000
000422,231220,190000,BUY,0.050680,0.241372,1.344786,0.000000,1.344786,0.068154,2,1.000000
000423,231222,073000,SELL,0.051860,0.134479,1.210307,0.006974,1.344786,0.069741,0,0.100000
000424,231222,100000,SELL,0.053160,0.335374,0.874933,0.024803,1.341497,0.071314,1,0.277098
000425,231227,160000,SELL,0.054490,0.332527,0.542406,0.042922,1.330109,0.072478,2,0.380060
000426,231228,013000,SELL,0.055640,0.328457,0.213949,0.061197,1.313829,0.073101,3,0.605556
000427,231229,224500,BUY,0.054510,0.112268,0.326217,0.055078,1.336629,0.072860,0,0.100000
000428,240102,001500,BUY,0.053360,0.339601,0.665818,0.036956,1.358405,0.072485,1,0.329011
000429,240102,154500,BUY,0.052290,0.343144,1.008962,0.019013,1.372578,0.071772,2,0.485518
000430,240104,224500,BUY,0.051160,0.345152,1.354115,0.001355,1.380609,0.070632,3,0.928711
000431,240108,193000,BUY,0.049840,0.027196,1.381311,0.000000,1.381311,0.068845,4,1.000000
000432,240109,221500,SELL,0.049920,0.138131,1.243180,0.006896,1.381311,0.068955,0,0.100000
000433,240109,224500,SELL,0.051000,0.344596,0.898583,0.024470,1.378386,0.070298,1,0.277190
000434,240110,014500,SELL,0.052310,0.341592,0.556991,0.042339,1.366370,0.071475,2,0.380146
000435,240110,033000,BUY,0.051150,0.082773,0.639764,0.038105,1.384725,0.070829,0,0.100000
000436,240110,100000,SELL,0.052300,0.063976,0.575788,0.041451,1.368345,0.071564,0,0.100000
000437,240110,160000,SELL,0.054000,0.287894,0.287894,0.056997,1.343394,0.072543,1,0.500000
000438,240110,183000,BUY,0.052800,0.107949,0.395843,0.051297,1.367383,0.072198,0,0.100000
000439,240110,213000,SELL,0.053920,0.039584,0.356258,0.053432,1.347202,0.072641,0,0.100000
000440,240110,221500,SELL,0.055120,0.178129,0.178129,0.063250,1.325629,0.073069,1,0.500000
000441,240111,050000,SELL,0.056500,0.178129,0.000000,0.073314,1.297601,0.073314,2,1.000000
000442,240111,150000,BUY,0.055360,0.132432,0.132432,0.065983,1.324322,0.073314,0,0.100000
000443,240112,004500,SELL,0.056500,0.013243,0.119189,0.066731,1.300273,0.073465,0,0.100000
000444,240112,130000,SELL,0.058150,0.059594,0.059594,0.070197,1.266760,0.073662,1,0.500000
000445,240112,153000,SELL,0.059340,0.059594,0.000000,0.073733,1.242552,0.073733,2,1.000000
000446,240112,181500,BUY,0.059210,0.124528,0.124528,0.066360,1.245280,0.073733,0,0.100000
000447,240112,220000,BUY,0.058000,0.317165,0.441693,0.047964,1.268661,0.073582,1,0.277210
000448,240113,024500,SELL,0.059200,0.044169,0.397524,0.050579,1.251898,0.074112,0,0.100000
000449,240119,153000,SELL,0.060510,0.198762,0.198762,0.062606,1.233402,0.074633,1,0.500000
000450,240120,164500,BUY,0.059270,0.105629,0.304391,0.056345,1.255048,0.074387,0,0.100000
000451,240123,100000,BUY,0.058030,0.318840,0.623231,0.037843,1.275361,0.074009,1,0.328373
000452,240123,131500,BUY,0.056860,0.322195,0.945426,0.019523,1.288780,0.073280,2,0.484104
000453,240124,190000,BUY,0.055690,0.323998,1.269424,0.001480,1.295994,0.072174,3,0.924210
000454,240126,130000,BUY,0.054490,0.027155,1.296579,0.000000,1.296579,0.070651,4,1.000000
000455,240130,171500,SELL,0.054450,0.129658,1.166921,0.007060,1.296579,0.070599,0,0.100000
000456,240201,204500,BUY,0.053350,0.013233,1.180154,0.006354,1.299252,0.069315,0,0.100000
000457,240206,141500,SELL,0.054520,0.118015,1.062139,0.012788,1.296696,0.070696,0,0.100000
000458,240207,180000,SELL,0.055820,0.322808,0.739330,0.030807,1.291234,0.072077,1,0.303923
000459,240208,004500,BUY,0.054680,0.056341,0.795671,0.027727,1.302740,0.071234,0,0.100000
000460,240208,201500,BUY,0.053510,0.259078,1.054749,0.013863,1.313827,0.070303,1,0.500000
000461,240209,184500,BUY,0.052390,0.264617,1.319366,0.000000,1.319366,0.069122,2,1.000000
000462,240212,184500,SELL,0.052330,0.131937,1.187429,0.006904,1.319366,0.069042,0,0.100000
000463,240213,010000,SELL,0.053610,0.329054,0.858375,0.024545,1.316216,0.070562,1,0.277115
000464,240215,213000,SELL,0.054790,0.326589,0.531787,0.042439,1.306355,0.071575,2,0.380473
000465,240216,160000,BUY,0.053640,0.079117,0.610904,0.038195,1.322961,0.070964,0,0.100000
000466,240218,194500,SELL,0.054720,0.061090,0.549814,0.041538,1.308908,0.071623,0,0.100000
000467,240219,070000,SELL,0.055920,0.274907,0.274907,0.056910,1.292618,0.072283,1,0.500000
000468,240219,224500,SELL,0.057180,0.274907,0.000000,0.072630,1.270192,0.072630,2,1.000000
000469,240220,103000,BUY,0.055970,0.129765,0.129765,0.065367,1.297652,0.072630,0,0.100000
000470,240220,201500,SELL,0.057100,0.012977,0.116789,0.066108,1.274540,0.072776,0,0.100000
000471,240225,024500,SELL,0.058380,0.058394,0.058394,0.069517,1.249156,0.072926,1,0.500000
000472,240225,201500,SELL,0.059560,0.058394,0.000000,0.072995,1.225564,0.072995,2,1.000000
000473,240226,201500,BUY,0.058340,0.125119,0.125119,0.065695,1.251193,0.072995,0,0.100000
000474,240227,154500,BUY,0.057110,0.318862,0.443981,0.047485,1.275446,0.072841,1,0.277192
000475,240228,124500,BUY,0.055920,0.323285,0.767266,0.029407,1.293140,0.072312,2,0.380712
000476,240228,180000,BUY,0.054630,0.326389,1.093655,0.011576,1.305558,0.071323,3,0.606343
000477,240229,013000,SELL,0.056130,0.109366,0.984290,0.017715,1.299895,0.072963,0,0.100000
000478,240229,071500,BUY,0.054970,0.032227,1.016516,0.015943,1.306555,0.071821,0,0.100000
000479,240304,111500,BUY,0.053850,0.148035,1.164552,0.007972,1.312587,0.070683,1,0.500000
000480,240305,050000,SELL,0.054930,0.116455,1.048097,0.014369,1.309677,0.071941,0,0.100000
000481,240305,063000,SELL,0.056060,0.326101,0.721996,0.032650,1.304404,0.073125,1,0.311136
000482,240305,210000,BUY,0.054850,0.059526,0.781521,0.029385,1.317252,0.072251,0,0.100000
000483,240306,011500,SELL,0.055950,0.078152,0.703369,0.033757,1.306719,0.073111,0,0.100000
000484,240306,071500,SELL,0.057150,0.323513,0.379856,0.052246,1.294051,0.073955,1,0.459947
000485,240308,020000,SELL,0.058660,0.317629,0.062227,0.070878,1.270518,0.074529,2,0.836183
000486,240308,161500,BUY,0.057380,0.123524,0.185751,0.063791,1.297472,0.074449,0,0.100000
000487,240310,153000,BUY,0.056210,0.330153,0.515904,0.045233,1.320612,0.074232,1,0.290919
000488,240313,134500,BUY,0.055040,0.334429,0.850334,0.026826,1.337718,0.073628,2,0.406941
000489,240315,194500,BUY,0.053910,0.336983,1.187317,0.008659,1.347934,0.072667,3,0.677218
000490,240318,093000,BUY,0.052830,0.163900,1.351217,0.000000,1.351217,0.071385,4,1.000000
000491,240320,123000,SELL,0.051670,0.135122,1.216095,0.006982,1.351217,0.069817,0,0.100000
000492,240320,141500,SELL,0.052770,0.337100,0.878995,0.024771,1.348401,0.071155,1,0.277199
000493,240320,171500,BUY,0.051060,0.048513,0.927508,0.022293,1.364121,0.069652,0,0.100000
000494,240321,030000,SELL,0.052200,0.092751,0.834757,0.027135,1.354586,0.070709,0,0.100000
000495,240321,221500,SELL,0.053280,0.336012,0.498745,0.045038,1.344049,0.071611,1,0.402527
000496,240322,203000,BUY,0.052210,0.086263,0.585008,0.040534,1.361372,0.071077,0,0.100000
000497,240326,153000,BUY,0.051040,0.344792,0.929800,0.022936,1.379169,0.070393,1,0.434159
000498,240330,043000,BUY,0.050000,0.347129,1.276929,0.005579,1.388516,0.069426,2,0.756740
000499,240331,071500,SELL,0.051070,0.127693,1.149236,0.012101,1.386178,0.070792,0,0.100000
000500,240401,200000,BUY,0.050030,0.024187,1.173423,0.010891,1.391104,0.069597,0,0.100000
000501,240404,220000,BUY,0.048760,0.111675,1.285098,0.005445,1.396773,0.068107,1,0.500000
000502,240408,013000,SELL,0.049760,0.128510,1.156588,0.011840,1.394529,0.069392,0,0.100000
000503,240408,163000,SELL,0.050810,0.347403,0.809185,0.029491,1.389612,0.070606,1,0.300369
000504,240409,041500,SELL,0.051970,0.344164,0.465021,0.047378,1.376656,0.071545,2,0.425322
000505,240409,164500,BUY,0.050800,0.093263,0.558284,0.042640,1.397653,0.071001,0,0.100000
000506,240412,093000,BUY,0.049760,0.353799,0.912083,0.025035,1.415196,0.070420,1,0.412877
000507,240412,203000,BUY,0.048480,0.357120,1.269203,0.007722,1.428479,0.069253,2,0.691562
000508,240413,220000,BUY,0.046970,0.164397,1.433600,0.000000,1.433600,0.067336,3,1.000000
000509,240414,183000,SELL,0.047940,0.143360,1.290240,0.006873,1.433600,0.068727,0,0.100000
000510,240415,081500,SELL,0.048920,0.357682,0.932558,0.024370,1.430728,0.069991,1,0.277221
000511,240419,043000,BUY,0.047940,0.050835,0.983393,0.021933,1.440912,0.069077,0,0.100000
000512,240421,081500,SELL,0.048950,0.098339,0.885054,0.026747,1.431471,0.070071,0,0.100000
000513,240422,214500,BUY,0.047930,0.055805,0.940858,0.024072,1.443100,0.069168,0,0.100000
000514,240424,110000,SELL,0.048900,0.094086,0.846773,0.028673,1.433137,0.070080,0,0.100000
000515,240427,160000,SELL,0.049890,0.355375,0.491397,0.046403,1.421502,0.070919,1,0.419682
000516,240427,193000,SELL,0.051080,0.349958,0.141439,0.064279,1.399833,0.071503,2,0.712170
000517,240428,164500,SELL,0.052130,0.141439,0.000000,0.071652,1.374487,0.071652,3,1.000000
000518,240429,054500,BUY,0.051010,0.140467,0.140467,0.064487,1.404665,0.071652,0,0.100000
000519,240430,034500,BUY,0.049890,0.358261,0.498728,0.046613,1.433046,0.071495,1,0.277168
000520,240501,200000,SELL,0.051260,0.049873,0.448855,0.049170,1.408075,0.072178,0,0.100000
000521,240503,093000,BUY,0.050210,0.097928,0.546783,0.044253,1.428134,0.071707,0,0.100000
000522,240504,074500,BUY,0.049200,0.361557,0.908340,0.026464,1.446227,0.071154,1,0.401978
000523,240507,170000,BUY,0.048200,0.364347,1.272687,0.008903,1.457387,0.070246,2,0.663599
000524,240513,043000,BUY,0.047200,0.188613,1.461300,0.000000,1.461300,0.068973,3,1.000000
000525,240517,144500,SELL,0.046400,0.146130,1.315170,0.006780,1.461300,0.067804,0,0.100000
000526,240520,211500,SELL,0.048360,0.363844,0.951325,0.024376,1.455377,0.070382,1,0.276652
000527,240520,221500,SELL,0.049460,0.361042,0.590284,0.042233,1.444167,0.071428,2,0.379514
000528,240520,223000,SELL,0.050610,0.356191,0.234093,0.060260,1.424764,0.072107,3,0.603424
000529,240520,233000,SELL,0.051760,0.234093,0.000000,0.072377,1.398310,0.072377,4,1.000000
000530,240522,134500,BUY,0.052920,0.136766,0.136766,0.065139,1.367659,0.072377,0,0.100000
000531,240522,224500,SELL,0.053990,0.013677,0.123089,0.065877,1.343265,0.072523,0,0.100000
000532,240523,123000,SELL,0.055070,0.061545,0.061545,0.069267,1.319335,0.072656,1,0.500000
000533,240523,141500,SELL,0.056220,0.061545,0.000000,0.072727,1.293607,0.072727,2,1.000000
000534,240523,220000,BUY,0.055000,0.132230,0.132230,0.065454,1.322301,0.072727,0,0.100000
000535,240523,230000,SELL,0.056590,0.013223,0.119007,0.066202,1.288864,0.072937,0,0.100000
000536,240524,013000,BUY,0.055400,0.119499,0.238506,0.059582,1.313993,0.072795,0,0.100000
000537,240524,173000,BUY,0.054290,0.333996,0.572501,0.041449,1.335982,0.072530,1,0.304330
000538,240526,164500,SELL,0.055760,0.057250,0.515251,0.044642,1.315854,0.073372,0,0.100000
000539,240527,051500,SELL,0.056980,0.257626,0.257626,0.059321,1.298713,0.074001,1,0.500000
000540,240527,223000,BUY,0.055750,0.106406,0.364031,0.053389,1.321682,0.073684,0,0.100000
000541,240528,103000,SELL,0.056870,0.036403,0.327628,0.055459,1.302822,0.074091,0,0.100000
000542,240529,171500,BUY,0.055620,0.099711,0.427339,0.049913,1.324738,0.073682,0,0.100000
000543,240603,181500,BUY,0.054480,0.335879,0.763218,0.031615,1.343517,0.073195,1,0.366609
000544,240605,071500,BUY,0.053340,0.338980,1.102198,0.013533,1.355919,0.072325,2,0.571924
000545,240606,070000,SELL,0.054420,0.110220,0.991978,0.019532,1.350884,0.073515,0,0.100000
000546,240607,153000,BUY,0.053320,0.036631,1.028609,0.017578,1.358288,0.072424,0,0.100000
000547,240611,090000,BUY,0.052220,0.168312,1.196921,0.008789,1.365233,0.071292,1,0.500000
000548,240615,080000,SELL,0.053510,0.119692,1.077229,0.015194,1.361175,0.072836,0,0.100000
000549,240617,000000,SELL,0.054630,0.338838,0.738390,0.033705,1.355354,0.074043,1,0.314546
000550,240617,110000,BUY,0.053530,0.062964,0.801354,0.030334,1.368032,0.073231,0,0.100000
000551,240618,033000,BUY,0.052210,0.290502,1.091857,0.015167,1.382359,0.072173,1,0.500000
000552,240618,224500,SELL,0.053310,0.109186,0.982671,0.020988,1.376364,0.073374,0,0.100000
000553,240619,054500,SELL,0.054520,0.341907,0.640764,0.039629,1.367627,0.074563,1,0.347936
000554,240624,220000,SELL,0.055950,0.337262,0.303502,0.058498,1.349049,0.075479,2,0.526344
000555,240626,030000,BUY,0.054830,0.106690,0.410192,0.052649,1.370407,0.075139,0,0.100000
000556,240627,140000,SELL,0.055940,0.041019,0.369173,0.054943,1.351353,0.075595,0,0.100000
000557,240701,011500,BUY,0.054790,0.100280,0.469453,0.049449,1.371969,0.075170,0,0.100000
000558,240705,011500,BUY,0.053620,0.347915,0.817368,0.030794,1.391662,0.074621,1,0.377263
000559,240705,191500,BUY,0.052530,0.350895,1.168263,0.012361,1.403578,0.073730,2,0.598581
000560,240709,044500,SELL,0.053670,0.116826,1.051436,0.018631,1.398580,0.075062,0,0.100000
000561,240710,064500,BUY,0.052570,0.035441,1.086877,0.016768,1.405844,0.073905,0,0.100000
000562,240710,153000,SELL,0.053770,0.108688,0.978189,0.022612,1.398725,0.075209,0,0.100000
000563,240719,174500,BUY,0.052640,0.042956,1.021146,0.020351,1.407753,0.074104,0,0.100000
000564,240721,233000,BUY,0.051580,0.197276,1.218422,0.010175,1.415698,0.073022,1,0.500000
000565,240723,104500,SELL,0.052650,0.121842,1.096580,0.016590,1.411689,0.074325,0,0.100000
000566,240724,163000,BUY,0.051430,0.032258,1.128838,0.014931,1.419163,0.072988,0,0.100000
000567,240725,030000,BUY,0.050050,0.149165,1.278003,0.007466,1.427168,0.071430,1,0.500000
000568,240725,150000,BUY,0.049010,0.152331,1.430334,0.000000,1.430334,0.070101,2,1.000000
000569,240729,190000,SELL,0.049270,0.143033,1.287300,0.007047,1.430334,0.070473,0,0.100000
000570,240730,143000,SELL,0.050260,0.356879,0.930421,0.024984,1.427516,0.071747,1,0.277231
000571,240801,094500,BUY,0.049240,0.050739,0.981160,0.022486,1.437814,0.070798,0,0.100000
000572,240802,164500,BUY,0.048120,0.233641,1.214801,0.011243,1.448442,0.069699,1,0.500000
000573,240804,190000,BUY,0.047120,0.238599,1.453401,0.000000,1.453401,0.068484,2,1.000000
000574,240805,053000,SELL,0.042900,0.145340,1.308061,0.006235,1.453401,0.062351,0,0.100000
000575,240805,071500,SELL,0.043890,0.362531,0.945530,0.022147,1.450122,0.063646,1,0.277151
000576,240805,154500,SELL,0.044990,0.359446,0.586084,0.038318,1.437785,0.064686,2,0.380153
000577,240806,194500,BUY,0.043950,0.087186,0.673269,0.034486,1.457939,0.064076,0,0.100000
000578,240807,143000,BUY,0.043060,0.368539,1.041809,0.018617,1.474157,0.063477,1,0.460163
000579,240808,173000,BUY,0.042060,0.371109,1.412918,0.003008,1.484437,0.062435,2,0.838422
000580,240808,180000,SELL,0.042990,0.141292,1.271626,0.009082,1.482889,0.063749,0,0.100000
000581,240809,053000,SELL,0.043860,0.369675,0.901951,0.025296,1.478699,0.064856,1,0.290710
000582,240809,164500,BUY,0.042950,0.058897,0.960848,0.022767,1.490919,0.064035,0,0.100000
000583,240811,104500,SELL,0.043840,0.096085,0.864763,0.026979,1.480158,0.064890,0,0.100000
000584,240812,121500,SELL,0.044770,0.366844,0.497920,0.043402,1.467374,0.065694,1,0.424213
000585,240813,010000,SELL,0.045690,0.361963,0.135956,0.059941,1.447854,0.066152,2,0.726951
000586,240813,080000,BUY,0.044770,0.133886,0.269842,0.053947,1.474812,0.066027,0,0.100000
000587,240817,100000,BUY,0.043870,0.374883,0.644725,0.037500,1.499533,0.065784,1,0.304860
000588,240819,020000,SELL,0.044780,0.064473,0.580253,0.040387,1.482161,0.066371,0,0.100000
000589,240820,031500,BUY,0.043810,0.092188,0.672440,0.036349,1.502131,0.065808,0,0.100000
000590,240824,094500,BUY,0.042900,0.379933,1.052373,0.020050,1.519730,0.065196,1,0.448409
000591,240824,184500,SELL,0.043760,0.105237,0.947136,0.024655,1.510545,0.066101,0,0.100000
000592,240826,010000,BUY,0.042860,0.057524,1.004660,0.022189,1.522376,0.065249,0,0.100000
000593,240827,143000,BUY,0.041990,0.264222,1.268881,0.011095,1.533103,0.064375,1,0.500000
000594,240828,033000,BUY,0.041150,0.269615,1.538496,0.000000,1.538496,0.063309,2,1.000000
000595,240828,114500,SELL,0.042200,0.153850,1.384647,0.006492,1.538496,0.064925,0,0.100000
000596,240902,114500,SELL,0.043070,0.383847,1.000800,0.023025,1.535389,0.066129,1,0.277217
000597,240903,214500,BUY,0.042170,0.054600,1.055399,0.020722,1.546798,0.065228,0,0.100000
000598,240906,221500,BUY,0.041320,0.250754,1.306153,0.010361,1.556907,0.064331,1,0.500000
000599,240907,093000,SELL,0.042150,0.130615,1.175538,0.015867,1.551969,0.065415,0,0.100000
000600,240909,204500,BUY,0.041270,0.038446,1.213984,0.014280,1.559996,0.064381,0,0.100000
000601,240912,140000,BUY,0.040440,0.176557,1.390540,0.007140,1.567097,0.063373,1,0.500000
000602,240915,203000,BUY,0.039590,0.180348,1.570888,0.000000,1.570888,0.062191,2,1.000000
000603,240920,054500,SELL,0.039540,0.157089,1.413799,0.006211,1.570888,0.062113,0,0.100000
000604,240920,163000,SELL,0.040370,0.391915,1.021885,0.022033,1.567658,0.063286,1,0.277207
000605,240922,013000,SELL,0.041180,0.389231,0.632654,0.038061,1.556923,0.064114,2,0.380895
000606,240923,170000,SELL,0.042010,0.384665,0.247988,0.054221,1.538662,0.064639,3,0.608019
000607,240924,220000,BUY,0.041130,0.131829,0.379817,0.048799,1.566277,0.064421,0,0.100000
000608,240929,101500,BUY,0.040280,0.397828,0.777646,0.032775,1.591314,0.064098,1,0.328378
000609,240930,103000,SELL,0.041090,0.077765,0.699881,0.035970,1.575274,0.064728,0,0.100000
000610,241001,183000,BUY,0.040210,0.089455,0.789336,0.032373,1.594432,0.064112,0,0.100000
000611,241002,204500,BUY,0.039320,0.403164,1.192500,0.016521,1.612655,0.063410,1,0.489681
000612,241003,164500,BUY,0.038520,0.405345,1.597845,0.000907,1.621381,0.062456,2,0.945122
000613,241007,043000,SELL,0.039330,0.159785,1.438061,0.007191,1.620896,0.063750,0,0.100000
000614,241016,133000,BUY,0.038470,0.018692,1.456753,0.006472,1.624984,0.062513,0,0.100000
000615,241020,160000,SELL,0.039240,0.145675,1.311078,0.012188,1.621683,0.063635,0,0.100000
000616,241023,171500,BUY,0.038420,0.031723,1.342801,0.010969,1.628312,0.062560,0,0.100000
000617,241023,230000,BUY,0.037650,0.145675,1.488476,0.005485,1.634151,0.061526,1,0.500000
000618,241025,061500,BUY,0.036830,0.148918,1.637394,0.000000,1.637394,0.060305,2,1.000000
000619,241028,230000,SELL,0.036840,0.163739,1.473655,0.006032,1.637394,0.060322,0,0.100000
000620,241030,150000,SELL,0.037580,0.408543,1.065112,0.021385,1.634170,0.061412,1,0.277231
000621,241030,211500,BUY,0.036770,0.058159,1.123272,0.019247,1.646706,0.060549,0,0.100000
000622,241031,183000,BUY,0.035940,0.267761,1.391033,0.009623,1.658794,0.059617,1,0.500000
000623,241105,160000,BUY,0.035160,0.273701,1.664734,0.000000,1.664734,0.058532,2,1.000000
000624,241106,234500,SELL,0.036160,0.166473,1.498261,0.006020,1.664734,0.060197,0,0.100000
000625,241107,021500,SELL,0.037320,0.414890,1.083371,0.021503,1.659560,0.061935,1,0.276914
000626,241107,034500,SELL,0.038150,0.411756,0.671615,0.037212,1.647024,0.062834,2,0.380069
000627,241107,124500,BUY,0.037360,0.099603,0.771218,0.033491,1.667650,0.062303,0,0.100000
000628,241107,221500,SELL,0.038190,0.077122,0.694096,0.036436,1.648167,0.062944,0,0.100000
000629,241109,013000,SELL,0.038980,0.347048,0.347048,0.049964,1.628831,0.063492,1,0.500000
000630,241109,070000,SELL,0.039790,0.347048,0.000000,0.063773,1.602738,0.063773,2,1.000000
000631,241110,070000,BUY,0.040140,0.158876,0.158876,0.057396,1.588763,0.063773,0,0.100000
000632,241110,220000,BUY,0.039200,0.405763,0.564639,0.041490,1.623051,0.063624,1,0.277127
000633,241111,170000,BUY,0.038310,0.411910,0.976549,0.025709,1.647640,0.063121,2,0.380341
000634,241111,171500,SELL,0.039090,0.097655,0.878894,0.029527,1.634249,0.063883,0,0.100000
000635,241111,210000,BUY,0.038120,0.077458,0.956352,0.026574,1.653469,0.063030,0,0.100000
000636,241112,020000,BUY,0.037190,0.357275,1.313627,0.013287,1.670902,0.062141,1,0.500000
000637,241112,041500,SELL,0.037950,0.131363,1.182264,0.018272,1.663747,0.063139,0,0.100000
000638,241112,183000,BUY,0.037160,0.049172,1.231436,0.016445,1.673983,0.062205,0,0.100000
000639,241113,060000,BUY,0.036310,0.226453,1.457890,0.008223,1.684343,0.061158,1,0.500000
000640,241113,181500,BUY,0.035510,0.231555,1.689445,0.000000,1.689445,0.059992,2,1.000000
000641,241114,174500,SELL,0.035550,0.168944,1.520500,0.006006,1.689445,0.060060,0,0.100000
000642,241115,020000,BUY,0.034760,0.017278,1.537779,0.005405,1.693284,0.058859,0,0.100000
000643,241115,171500,BUY,0.034000,0.079491,1.617270,0.002703,1.696760,0.057690,1,0.500000
000644,241116,124500,SELL,0.035040,0.161727,1.455543,0.008370,1.694401,0.059372,0,0.100000
000645,241117,024500,BUY,0.034180,0.024487,1.480029,0.007533,1.700411,0.058120,0,0.100000
000646,241118,191500,SELL,0.035000,0.148003,1.332027,0.012713,1.695248,0.059334,0,0.100000
000647,241119,054500,BUY,0.034190,0.037183,1.369209,0.011441,1.703853,0.058255,0,0.100000
000648,241119,193000,BUY,0.033310,0.171742,1.540951,0.005721,1.712694,0.057050,1,0.500000
000649,241120,184500,BUY,0.032620,0.175375,1.716327,0.000000,1.716327,0.055987,2,1.000000
000650,241121,130000,SELL,0.032830,0.171633,1.544694,0.005635,1.716327,0.056347,0,0.100000
000651,241121,131500,SELL,0.033570,0.428136,1.116558,0.020007,1.712543,0.057490,1,0.277165
000652,241121,140000,SELL,0.034530,0.423993,0.692565,0.034648,1.695974,0.058562,2,0.379733
000653,241122,021500,BUY,0.033770,0.102599,0.795164,0.031183,1.718556,0.058036,0,0.100000
000654,241122,051500,SELL,0.034580,0.079516,0.715647,0.033933,1.696926,0.058680,0,0.100000
000655,241122,111500,BUY,0.033880,0.100155,0.815803,0.030539,1.717200,0.058179,0,0.100000
000656,241122,194500,BUY,0.033100,0.434610,1.250413,0.016154,1.738442,0.057542,1,0.471051
000657,241123,011500,SELL,0.033930,0.125041,1.125372,0.020396,1.726504,0.058580,0,0.100000
000658,241123,144500,SELL,0.034870,0.427575,0.697797,0.035306,1.710299,0.059638,1,0.379941
000659,241124,133000,BUY,0.034100,0.103536,0.801334,0.031775,1.733162,0.059101,0,0.100000
000660,241125,083000,SELL,0.034880,0.080133,0.721200,0.034570,1.712324,0.059726,0,0.100000
000661,241125,113000,SELL,0.035780,0.360600,0.360600,0.047473,1.687393,0.060375,1,0.500000
000662,241125,164500,SELL,0.036640,0.360600,0.000000,0.060685,1.656251,0.060685,2,1.000000
000663,241126,104500,BUY,0.035890,0.169086,0.169086,0.054617,1.690862,0.060685,0,0.100000
000664,241127,051500,SELL,0.036770,0.016909,0.152178,0.055238,1.654442,0.060834,0,0.100000
000665,241127,214500,SELL,0.037570,0.076089,0.076089,0.058097,1.622454,0.060956,1,0.500000
000666,241129,170000,BUY,0.036760,0.158044,0.234133,0.052287,1.656528,0.060894,0,0.100000
000667,241130,034500,SELL,0.037510,0.023413,0.210719,0.053165,1.628087,0.061070,0,0.100000
000668,241130,070000,SELL,0.038380,0.105360,0.105360,0.057209,1.595958,0.061253,1,0.500000
000669,241203,153000,BUY,0.037550,0.152355,0.257714,0.051488,1.628906,0.061165,0,0.100000
000670,241204,014500,SELL,0.038570,0.025771,0.231943,0.052482,1.592645,0.061428,0,0.100000
000671,241204,154500,SELL,0.039440,0.115971,0.115971,0.057056,1.562629,0.061630,1,0.500000
000672,241205,014500,BUY,0.038630,0.147699,0.263671,0.051351,1.592963,0.061536,0,0.100000
000673,241205,040000,BUY,0.037630,0.407072,0.670743,0.036032,1.628288,0.061272,1,0.298305
000674,241205,121500,SELL,0.038400,0.067074,0.603668,0.038608,1.609087,0.061789,0,0.100000
000675,241205,231500,SELL,0.039820,0.301834,0.301834,0.050627,1.573234,0.062646,1,0.500000
000676,241206,161500,SELL,0.040620,0.301834,0.000000,0.062888,1.548194,0.062888,2,1.000000
000677,241206,190000,BUY,0.039690,0.158447,0.158447,0.056599,1.584470,0.062888,0,0.100000
000678,241209,213000,BUY,0.038890,0.403451,0.561898,0.040909,1.613805,0.062761,1,0.277218
000679,241209,230000,BUY,0.037770,0.411249,0.973148,0.025376,1.644997,0.062132,2,0.379697
000680,241210,100000,SELL,0.038540,0.097315,0.875833,0.029126,1.631574,0.062881,0,0.100000
000681,241210,154500,BUY,0.037530,0.077608,0.953441,0.026214,1.651913,0.061996,0,0.100000
000682,241212,041500,SELL,0.038590,0.095344,0.858097,0.029893,1.632727,0.063007,0,0.100000
000683,241213,043000,SELL,0.039530,0.403577,0.454520,0.045846,1.614307,0.063814,1,0.470316
000684,241213,181500,BUY,0.038710,0.118435,0.572956,0.041262,1.638874,0.063441,0,0.100000
000685,241215,081500,BUY,0.037920,0.415270,0.988226,0.025515,1.661081,0.062988,1,0.381638
000686,241216,160000,BUY,0.037120,0.418896,1.407121,0.009965,1.675582,0.062198,2,0.609430
000687,241216,193000,SELL,0.037990,0.140712,1.266409,0.015311,1.669434,0.063422,0,0.100000
000688,241217,151500,BUY,0.037230,0.041125,1.307534,0.013780,1.677662,0.062459,0,0.100000
000689,241218,000000,BUY,0.036480,0.188868,1.496403,0.006890,1.685271,0.061479,1,0.500000
000690,241218,171500,SELL,0.037230,0.149640,1.346763,0.012461,1.681466,0.062601,0,0.100000
000691,241218,211500,BUY,0.036480,0.034159,1.380921,0.011215,1.688348,0.061591,0,0.100000
000692,241219,181500,BUY,0.035660,0.157248,1.538169,0.005607,1.695417,0.060459,1,0.500000
000693,241219,211500,BUY,0.034890,0.160718,1.698887,0.000000,1.698887,0.059274,2,1.000000
000694,241220,131500,SELL,0.034360,0.169889,1.528998,0.005837,1.698887,0.058374,0,0.100000
000695,241220,181500,SELL,0.035240,0.423661,1.105337,0.020767,1.694645,0.059719,1,0.277084
000696,241221,183000,BUY,0.034520,0.060160,1.165497,0.018690,1.706936,0.058923,0,0.100000
000697,241223,161500,SELL,0.035290,0.116550,1.048947,0.022804,1.695122,0.059821,0,0.100000
000698,241223,210000,SELL,0.036050,0.420375,0.628572,0.037958,1.681500,0.060618,1,0.400759
000699,241224,210000,BUY,0.035300,0.107530,0.736102,0.034162,1.703871,0.060147,0,0.100000
000700,241230,011500,SELL,0.036100,0.073610,0.662492,0.036820,1.682425,0.060736,0,0.100000
000701,250104,011500,SELL,0.036860,0.331246,0.331246,0.049029,1.661395,0.061239,1,0.500000
000702,250106,183000,BUY,0.036120,0.135740,0.466986,0.044126,1.688646,0.060994,0,0.100000
000703,250107,163000,BUY,0.035380,0.428550,0.895536,0.028964,1.714198,0.060648,1,0.343606
000704,250108,183000,BUY,0.034620,0.433042,1.328578,0.013972,1.732170,0.059968,2,0.517601
000705,250109,030000,SELL,0.035380,0.132858,1.195720,0.018673,1.723500,0.060977,0,0.100000
000706,250109,210000,BUY,0.034650,0.053890,1.249610,0.016806,1.734619,0.060105,0,0.100000
000707,250113,111500,BUY,0.033930,0.247651,1.497261,0.008403,1.744911,0.059205,1,0.500000
000708,250113,153000,BUY,0.033100,0.253861,1.751121,0.000000,1.751121,0.057962,2,1.000000
000709,250115,171500,SELL,0.033840,0.175112,1.576009,0.005926,1.751121,0.059258,0,0.100000
000710,250115,213000,SELL,0.034520,0.436918,1.139091,0.021008,1.747672,0.060330,1,0.277231
000711,250116,041500,BUY,0.033780,0.062191,1.201283,0.018907,1.761004,0.059487,0,0.100000
000712,250116,231500,BUY,0.033050,0.286042,1.487325,0.009454,1.773367,0.058610,1,0.500000
000713,250118,060000,BUY,0.032290,0.292775,1.780099,0.000000,1.780099,0.057479,2,1.000000
000714,250119,144500,SELL,0.031200,0.178010,1.602089,0.005554,1.780099,0.055539,0,0.100000
000715,250119,150000,SELL,0.032100,0.443777,1.158312,0.019799,1.775108,0.056981,1,0.276999
000716,250119,181500,SELL,0.032780,0.440578,0.717734,0.034241,1.762313,0.057769,2,0.380362
000717,250119,213000,BUY,0.032060,0.106804,0.824538,0.030817,1.785772,0.057252,0,0.100000
000718,250119,221500,BUY,0.031110,0.453781,1.278319,0.016700,1.815125,0.056469,1,0.458093
000719,250120,003000,SELL,0.031800,0.127832,1.150487,0.020765,1.803478,0.057351,0,0.100000
000720,250120,104500,BUY,0.031110,0.066747,1.217235,0.018689,1.817961,0.056557,0,0.100000
000721,250120,164500,SELL,0.031790,0.121723,1.095511,0.022558,1.805111,0.057384,0,0.100000
000722,250121,201500,BUY,0.031130,0.072464,1.167975,0.020302,1.820155,0.056661,0,0.100000
000723,250123,233000,SELL,0.031830,0.116798,1.051178,0.024020,1.805813,0.057479,0,0.100000
000724,250127,071500,BUY,0.031180,0.077037,1.128215,0.021618,1.821544,0.056796,0,0.100000
000725,250128,221500,BUY,0.030550,0.353814,1.482028,0.010809,1.835842,0.056085,1,0.500000
000726,250131,014500,SELL,0.031180,0.148203,1.333826,0.015430,1.828693,0.057019,0,0.100000
000727,250131,123000,SELL,0.031810,0.454723,0.879102,0.029895,1.818892,0.057859,1,0.340916
000728,250131,164500,SELL,0.032500,0.449735,0.429367,0.044511,1.798940,0.058466,2,0.511584
000729,250201,104500,BUY,0.031830,0.139840,0.569208,0.040060,1.827768,0.058178,0,0.100000
000730,250201,224500,BUY,0.031130,0.464017,1.033225,0.025615,1.856069,0.057779,1,0.360581
000731,250202,191500,BUY,0.030470,0.468473,1.501698,0.011341,1.873892,0.057097,2,0.557263
000732,250202,231500,BUY,0.029860,0.379798,1.881496,0.000000,1.881496,0.056181,3,1.000000
000733,250203,033000,SELL,0.026630,0.188150,1.693346,0.005010,1.881496,0.050104,0,0.100000
000734,250203,081500,SELL,0.027250,0.469304,1.224042,0.017799,1.877215,0.051154,1,0.277146
000735,250203,230000,SELL,0.028040,0.464703,0.759339,0.030829,1.858812,0.052121,2,0.379646
000736,250204,060000,BUY,0.027390,0.112556,0.871896,0.027746,1.884904,0.051628,0,0.100000
000737,250204,120000,SELL,0.027970,0.087190,0.784706,0.030185,1.863898,0.052133,0,0.100000
000738,250204,200000,SELL,0.028610,0.392353,0.392353,0.041410,1.839757,0.052635,1,0.500000
000739,250204,204500,BUY,0.028030,0.147735,0.540088,0.037269,1.869707,0.052408,0,0.100000
000740,250204,224500,BUY,0.027360,0.475567,1.015655,0.024258,1.902267,0.052046,1,0.349122
000741,250205,004500,SELL,0.027940,0.101566,0.914090,0.027095,1.883862,0.052635,0,0.100000
000742,250205,121500,SELL,0.028500,0.457045,0.457045,0.040121,1.864806,0.053147,1,0.500000
000743,250206,163000,BUY,0.027920,0.143701,0.600745,0.036109,1.894051,0.052882,0,0.100000
000744,250207,211500,BUY,0.027260,0.481341,1.082086,0.022988,1.925363,0.052485,1,0.363381
000745,250212,231500,SELL,0.028280,0.108209,0.973878,0.026048,1.894948,0.053589,0,0.100000
000746,250213,124500,BUY,0.027690,0.094070,1.067947,0.023443,1.914574,0.053015,0,0.100000
000747,250214,190000,SELL,0.028260,0.106795,0.961153,0.026461,1.897497,0.053623,0,0.100000
000748,250215,110000,BUY,0.027690,0.095562,1.056714,0.023815,1.916772,0.053075,0,0.100000
000749,250217,100000,SELL,0.028270,0.105671,0.951043,0.026802,1.899127,0.053688,0,0.100000
000750,250217,150000,SELL,0.029060,0.468338,0.482705,0.040412,1.873353,0.054440,1,0.492447
000751,250217,191500,BUY,0.028460,0.141997,0.624701,0.036371,1.902671,0.054150,0,0.100000
000752,250218,070000,BUY,0.027870,0.482431,1.107133,0.022926,1.929725,0.053781,1,0.369672
000753,250221,111500,SELL,0.028440,0.110713,0.996419,0.026074,1.913239,0.054413,0,0.100000
000754,250221,164500,BUY,0.027760,0.093928,1.090347,0.023467,1.935697,0.053735,0,0.100000
000755,250222,110000,SELL,0.028390,0.109035,0.981312,0.026562,1.916938,0.054422,0,0.100000
000756,250223,071500,SELL,0.029020,0.474157,0.507156,0.040322,1.896626,0.055040,1,0.483186
000757,250224,051500,BUY,0.028400,0.141980,0.649136,0.036290,1.926960,0.054726,0,0.100000
000758,250224,230000,BUY,0.027540,0.491716,1.140852,0.022748,1.966863,0.054167,1,0.373155
000759,250225,080000,BUY,0.026840,0.497101,1.637953,0.009406,1.988405,0.053369,2,0.586513
000760,250225,161500,SELL,0.027410,0.163795,1.474158,0.013896,1.981117,0.054302,0,0.100000
000761,250225,203000,SELL,0.028000,0.492609,0.981549,0.027689,1.970435,0.055172,1,0.334163
000762,250226,190000,BUY,0.027440,0.100907,1.082456,0.024920,1.990616,0.054623,0,0.100000
000763,250227,220000,BUY,0.026840,0.464231,1.546687,0.012460,2.010918,0.053973,1,0.500000
000764,250228,134500,BUY,0.026250,0.474665,2.021352,0.000000,2.021352,0.053060,2,1.000000
000765,250302,173000,SELL,0.027160,0.202135,1.819217,0.005490,2.021352,0.054900,0,0.100000
000766,250302,181500,BUY,0.026560,0.020670,1.839887,0.004941,2.025919,0.053808,0,0.100000
000767,250303,073000,BUY,0.025970,0.095129,1.935016,0.002470,2.030145,0.052723,1,0.500000
000768,250303,120000,BUY,0.025400,0.097264,2.032280,0.000000,2.032280,0.051620,2,1.000000
000769,250304,153000,SELL,0.025180,0.203228,1.829052,0.005117,2.032280,0.051173,0,0.100000
000770,250304,171500,BUY,0.024620,0.020785,1.849837,0.004606,2.036902,0.050149,0,0.100000
000771,250305,081500,SELL,0.025120,0.184984,1.664853,0.009252,2.033179,0.051073,0,0.100000
000772,250305,133000,BUY,0.024500,0.037765,1.702618,0.008327,2.042500,0.050041,0,0.100000
000773,250306,043000,SELL,0.025000,0.170262,1.532356,0.012584,2.035702,0.050893,0,0.100000
000774,250306,234500,BUY,0.024490,0.051383,1.583739,0.011325,2.046184,0.050111,0,0.100000
000775,250308,131500,SELL,0.025060,0.158374,1.425365,0.015294,2.035666,0.051014,0,0.100000
000776,250308,181500,SELL,0.025690,0.505175,0.920190,0.028272,2.020699,0.051912,1,0.354418
000777,250309,114500,BUY,0.025160,0.112369,1.032559,0.025445,2.043882,0.051424,0,0.100000
000778,250309,183000,BUY,0.024500,0.517781,1.550341,0.012759,2.071125,0.050743,1,0.498554
000779,250309,234500,SELL,0.025010,0.155034,1.395307,0.016637,2.060506,0.051533,0,0.100000
000780,250310,101500,SELL,0.025570,0.511484,0.883822,0.029715,2.045937,0.052315,1,0.366575
000781,250310,180000,BUY,0.024750,0.120062,1.003884,0.026744,2.084440,0.051590,0,0.100000
000782,250310,194500,BUY,0.023500,0.535479,1.539363,0.014160,2.141916,0.050335,1,0.470531
000783,250312,023000,BUY,0.023030,0.538553,2.077916,0.001757,2.154213,0.049612,2,0.875910
000784,250313,034500,BUY,0.022560,0.077886,2.155803,0.000000,2.155803,0.048635,3,1.000000
000785,250313,140000,SELL,0.023030,0.215580,1.940222,0.004965,2.155803,0.049648,0,0.100000
000786,250319,113000,SELL,0.023560,0.537738,1.402484,0.017634,2.150953,0.050676,1,0.277153
000787,250319,121500,SELL,0.024070,0.533774,0.868711,0.030482,2.135094,0.051392,2,0.380592
000788,250320,021500,BUY,0.023580,0.129270,0.997981,0.027434,2.161410,0.050966,0,0.100000
000789,250326,200000,BUY,0.023090,0.546525,1.544505,0.014814,2.186100,0.050477,1,0.459992
000790,250328,053000,BUY,0.022470,0.550951,2.095456,0.002435,2.203803,0.049519,2,0.835663
000791,250329,210000,BUY,0.022010,0.110611,2.206067,0.000000,2.206067,0.048556,3,1.000000
000792,250401,171500,SELL,0.022550,0.220607,1.985460,0.004975,2.206067,0.049747,0,0.100000
000793,250402,071500,BUY,0.022030,0.022581,2.008042,0.004477,2.211274,0.048714,0,0.100000
000794,250403,123000,BUY,0.021580,0.103735,2.111777,0.002239,2.215512,0.047811,1,0.500000
000795,250406,184500,BUY,0.021130,0.105944,2.217722,0.000000,2.217722,0.046860,2,1.000000
000796,250407,101500,SELL,0.019530,0.221772,1.995949,0.004331,2.217722,0.043312,0,0.100000
000797,250407,160000,SELL,0.019960,0.553236,1.442713,0.015374,2.212944,0.044170,1,0.277179
000798,250408,024500,BUY,0.019550,0.078638,1.521352,0.013836,2.229097,0.043579,0,0.100000
000799,250408,040000,SELL,0.019970,0.152135,1.369217,0.016875,2.214212,0.044218,0,0.100000
000800,250408,163000,BUY,0.019560,0.086271,1.455487,0.015187,2.231924,0.043656,0,0.100000
000801,250408,190000,BUY,0.019130,0.396945,1.852432,0.007594,2.249377,0.043031,1,0.500000
000802,250409,031500,BUY,0.018720,0.405638,2.258070,0.000000,2.258070,0.042271,2,1.000000
000803,250409,093000,SELL,0.019120,0.225807,2.032263,0.004317,2.258070,0.043174,0,0.100000
000804,250409,193000,SELL,0.019530,0.563333,1.468931,0.015319,2.253330,0.044008,1,0.277195
000805,250409,200000,SELL,0.020240,0.556454,0.912477,0.026582,2.225814,0.045050,2,0.378815
000806,250410,033000,BUY,0.019830,0.134049,1.046526,0.023924,2.252968,0.044676,0,0.100000
000807,250410,133000,BUY,0.019430,0.569451,1.615978,0.012859,2.277805,0.044258,1,0.462488
000808,250410,171500,BUY,0.019040,0.572840,2.188818,0.001952,2.291361,0.043628,2,0.848170
000809,250412,040000,BUY,0.018630,0.104800,2.293618,0.000000,2.293618,0.042730,3,1.000000
000810,250412,100000,SELL,0.019090,0.229362,2.064256,0.004379,2.293618,0.043785,0,0.100000
000811,250412,160000,SELL,0.019480,0.572257,1.492000,0.015526,2.289026,0.044590,1,0.277222
000812,250413,034500,BUY,0.018970,0.081845,1.573845,0.013973,2.310454,0.043829,0,0.100000
000813,250414,094500,SELL,0.019350,0.157385,1.416461,0.017019,2.295988,0.044427,0,0.100000
000814,250414,123000,SELL,0.019810,0.568891,0.847569,0.028289,2.275565,0.045079,1,0.401629
000815,250414,174500,BUY,0.019360,0.146119,0.993688,0.025460,2.308757,0.044698,0,0.100000
000816,250415,230000,BUY,0.018970,0.583948,1.577636,0.014382,2.335793,0.044310,1,0.435099
000817,250416,194500,BUY,0.018560,0.588135,2.165772,0.003466,2.352541,0.043663,2,0.758977
000818,250417,073000,SELL,0.018960,0.216577,1.949195,0.007573,2.348601,0.044529,0,0.100000
000819,250421,030000,BUY,0.018530,0.040867,1.990062,0.006815,2.357869,0.043691,0,0.100000
000820,250421,200000,BUY,0.018140,0.187858,2.177920,0.003408,2.365777,0.042915,1,0.500000
000821,250422,170000,SELL,0.018800,0.217792,1.960128,0.007502,2.359182,0.044353,0,0.100000
000822,250423,041500,SELL,0.019260,0.587413,1.372715,0.018816,2.349651,0.045254,1,0.299681
000823,250424,103000,BUY,0.018850,0.099819,1.472533,0.016934,2.370900,0.044691,0,0.100000
000824,250426,101500,SELL,0.019310,0.147253,1.325280,0.019778,2.349499,0.045369,0,0.100000
000825,250428,033000,BUY,0.018920,0.104533,1.429813,0.017800,2.370612,0.044852,0,0.100000
000826,250429,120000,SELL,0.019340,0.142981,1.286832,0.020565,2.350181,0.045452,0,0.100000
000827,250430,141500,BUY,0.018930,0.108638,1.395470,0.018509,2.373212,0.044925,0,0.100000
000828,250505,101500,SELL,0.019310,0.139547,1.255923,0.021203,2.353971,0.045455,0,0.100000
000829,250506,133000,BUY,0.018910,0.112127,1.368050,0.019083,2.377197,0.044953,0,0.100000
000830,250508,084500,SELL,0.019290,0.136805,1.231245,0.021722,2.357318,0.045473,0,0.100000
000831,250508,134500,SELL,0.019690,0.583610,0.647635,0.033213,2.334442,0.045965,1,0.474000
000832,250508,171500,SELL,0.020090,0.575214,0.072421,0.044769,2.300857,0.046224,2,0.888177
000833,250508,211500,SELL,0.020510,0.072421,0.000000,0.046255,2.255223,0.046255,3,1.000000
000834,250509,110000,BUY,0.022950,0.201545,0.201545,0.041629,2.015452,0.046255,0,0.100000
000835,250509,163000,BUY,0.022460,0.513756,0.715302,0.030090,2.055026,0.046156,1,0.277185
000836,250510,021500,SELL,0.022950,0.071530,0.643771,0.031732,2.026421,0.046506,0,0.100000
000837,250510,154500,SELL,0.023530,0.321886,0.321886,0.039306,1.992340,0.046880,1,0.500000
000838,250510,193000,SELL,0.024130,0.321886,0.000000,0.047073,1.950804,0.047073,2,1.000000
000839,250511,021500,BUY,0.024190,0.194596,0.194596,0.042366,1.945965,0.047073,0,0.100000
000840,250511,174500,BUY,0.023650,0.496488,0.691085,0.030624,1.985954,0.046968,1,0.277158
000841,250512,010000,SELL,0.024140,0.069108,0.621976,0.032292,1.959670,0.047306,0,0.100000
000842,250512,091500,SELL,0.024650,0.310988,0.310988,0.039958,1.931994,0.047624,1,0.500000
000843,250512,193000,BUY,0.024150,0.165457,0.476445,0.035962,1.965555,0.047468,0,0.100000
000844,250513,161500,SELL,0.024690,0.047644,0.428800,0.037138,1.932986,0.047725,0,0.100000
000845,250513,203000,SELL,0.025240,0.214400,0.214400,0.042550,1.900209,0.047961,1,0.500000
000846,250513,211500,SELL,0.025770,0.214400,0.000000,0.048075,1.865538,0.048075,2,1.000000
000847,250514,104500,BUY,0.025160,0.191077,0.191077,0.043267,1.910767,0.048075,0,0.100000
000848,250515,163000,BUY,0.024530,0.488733,0.679810,0.031279,1.954934,0.047955,1,0.277082
000849,250515,184500,SELL,0.025030,0.067981,0.611829,0.032980,1.929462,0.048294,0,0.100000
000850,250515,220000,BUY,0.024490,0.134669,0.746498,0.029682,1.958516,0.047964,0,0.100000
000851,250516,091500,SELL,0.025060,0.074650,0.671848,0.031553,1.930948,0.048390,0,0.100000
000852,250517,014500,BUY,0.024520,0.128683,0.800531,0.028398,1.958677,0.048027,0,0.100000
000853,250517,040000,BUY,0.023920,0.496932,1.297463,0.016511,1.987727,0.047546,1,0.418576
000854,250518,174500,SELL,0.024440,0.129746,1.167716,0.019682,1.973041,0.048221,0,0.100000
000855,250518,194500,BUY,0.023750,0.082872,1.250589,0.017714,1.996437,0.047415,0,0.100000
000856,250518,214500,BUY,0.023190,0.381930,1.632519,0.008857,2.014449,0.046715,1,0.500000
000857,250519,184500,SELL,0.023810,0.163252,1.469267,0.012744,2.004503,0.047727,0,0.100000
000858,250520,050000,SELL,0.024310,0.498374,0.970893,0.024859,1.993495,0.048462,1,0.339199
000859,250520,141500,BUY,0.023820,0.104364,1.075257,0.022374,2.014531,0.047986,0,0.100000
000860,250520,204500,BUY,0.023300,0.480118,1.555375,0.011187,2.035493,0.047427,1,0.500000
000861,250521,033000,SELL,0.023790,0.155537,1.399837,0.014887,2.025604,0.048189,0,0.100000
000862,250521,191500,BUY,0.023170,0.064251,1.464088,0.013398,2.042349,0.047321,0,0.100000
000863,250522,053000,SELL,0.023670,0.146409,1.317680,0.016864,2.030134,0.048053,0,0.100000
000864,250522,110000,SELL,0.024190,0.503705,0.813975,0.029048,2.014818,0.048738,1,0.382266
000865,250522,214500,BUY,0.023690,0.122619,0.936594,0.026144,2.040163,0.048331,0,0.100000
000866,250523,040000,SELL,0.024240,0.093659,0.842934,0.028414,2.015124,0.048847,0,0.100000
000867,250523,134500,BUY,0.023520,0.120807,0.963742,0.025572,2.051007,0.048240,0,0.100000
000868,250527,101500,SELL,0.024060,0.096374,0.867368,0.027891,2.026604,0.048760,0,0.100000
000869,250528,151500,SELL,0.024600,0.433684,0.433684,0.038560,2.001158,0.049228,1,0.500000
000870,250529,024500,SELL,0.025130,0.433684,0.000000,0.049458,1.968099,0.049458,2,1.000000
000871,250530,024500,BUY,0.024530,0.201624,0.201624,0.044513,2.016239,0.049458,0,0.100000
